asset_id,provenance_class,source_description,source_package,source_path,source_sha256,creator_or_origin,human_direction_or_contribution,third_party_dependency,licence_or_rights_basis,rights_evidence_path,production_clearance,lineage_notes
GG-AUDIO-AUDIO-OWNED-REV2-GG-COMET-DESTROYED-V001,FOUNDER_PROJECT_OWNED_OUTPUT,Founder-accepted REV2 owned audio estate; 48kHz/24-bit PCM stereo baseline.,GalacticGunners.zip,GalacticGunners/assets/audio/GALACTIC_GUNNERS_OWNED_AUDIO_ESTATE_v1.0_REV2/audio/gg_comet_destroyed_v001.wav,058659619C7D4A79728858B337801B0501B0978474AAA32B0A40F26EAA678908,Founder Michael Leese / Inceptivec supplied owned audio estate,"Founder selection, direction, supply and admission for Galactic Gunners project baseline.",NONE DECLARED IN SUPPLIED BASELINE,Founder project authority; commercial-use clearance classified for active production assets by this baseline.,assets/source_evidence/audio/owned_audio_estate_v1.0_rev2/docs/OWNERSHIP_AND_PROVENANCE_v1.0_REV2.md,CLEARED,No byte transformation performed during canonical placement; path/filename normalization only where recorded.
GG-AUDIO-AUDIO-OWNED-REV2-GG-ENEMY-LASER-V001,FOUNDER_PROJECT_OWNED_OUTPUT,Founder-accepted REV2 owned audio estate; 48kHz/24-bit PCM stereo baseline.,GalacticGunners.zip,GalacticGunners/assets/audio/GALACTIC_GUNNERS_OWNED_AUDIO_ESTATE_v1.0_REV2/audio/gg_enemy_laser_v001.wav,FCE8F2C8853FF92A6EF2F80D9418C11B34F9601B5EFDA385377080999E6D5942,Founder Michael Leese / Inceptivec supplied owned audio estate,"Founder selection, direction, supply and admission for Galactic Gunners project baseline.",NONE DECLARED IN SUPPLIED BASELINE,Founder project authority; commercial-use clearance classified for active production assets by this baseline.,assets/source_evidence/audio/owned_audio_estate_v1.0_rev2/docs/OWNERSHIP_AND_PROVENANCE_v1.0_REV2.md,CLEARED,No byte transformation performed during canonical placement; path/filename normalization only where recorded.
GG-AUDIO-AUDIO-OWNED-REV2-GG-EXPLOSION-LARGE-V001,FOUNDER_PROJECT_OWNED_OUTPUT,Founder-accepted REV2 owned audio estate; 48kHz/24-bit PCM stereo baseline.,GalacticGunners.zip,GalacticGunners/assets/audio/GALACTIC_GUNNERS_OWNED_AUDIO_ESTATE_v1.0_REV2/audio/gg_explosion_large_v001.wav,E94572901D77BCFE9F36F47304A7BC4105D9576453EC390BAE2807B1AC08B202,Founder Michael Leese / Inceptivec supplied owned audio estate,"Founder selection, direction, supply and admission for Galactic Gunners project baseline.",NONE DECLARED IN SUPPLIED BASELINE,Founder project authority; commercial-use clearance classified for active production assets by this baseline.,assets/source_evidence/audio/owned_audio_estate_v1.0_rev2/docs/OWNERSHIP_AND_PROVENANCE_v1.0_REV2.md,CLEARED,No byte transformation performed during canonical placement; path/filename normalization only where recorded.
GG-AUDIO-AUDIO-OWNED-REV2-GG-EXPLOSION-SMALL-V001,FOUNDER_PROJECT_OWNED_OUTPUT,Founder-accepted REV2 owned audio estate; 48kHz/24-bit PCM stereo baseline.,GalacticGunners.zip,GalacticGunners/assets/audio/GALACTIC_GUNNERS_OWNED_AUDIO_ESTATE_v1.0_REV2/audio/gg_explosion_small_v001.wav,AEFFDB12344846F6207C61F0A70F19F9FDF5835D621745A75BD4707012F94FE4,Founder Michael Leese / Inceptivec supplied owned audio estate,"Founder selection, direction, supply and admission for Galactic Gunners project baseline.",NONE DECLARED IN SUPPLIED BASELINE,Founder project authority; commercial-use clearance classified for active production assets by this baseline.,assets/source_evidence/audio/owned_audio_estate_v1.0_rev2/docs/OWNERSHIP_AND_PROVENANCE_v1.0_REV2.md,CLEARED,No byte transformation performed during canonical placement; path/filename normalization only where recorded.
GG-AUDIO-AUDIO-OWNED-REV2-GG-GAME-OVER-STINGER-V001,FOUNDER_PROJECT_OWNED_OUTPUT,Founder-accepted REV2 owned audio estate; 48kHz/24-bit PCM stereo baseline.,GalacticGunners.zip,GalacticGunners/assets/audio/GALACTIC_GUNNERS_OWNED_AUDIO_ESTATE_v1.0_REV2/audio/gg_game_over_stinger_v001.wav,92B78AF0FD4401E56FBE807494E406B7B45844A79C7E810B60F89BCBE6021CA8,Founder Michael Leese / Inceptivec supplied owned audio estate,"Founder selection, direction, supply and admission for Galactic Gunners project baseline.",NONE DECLARED IN SUPPLIED BASELINE,Founder project authority; commercial-use clearance classified for active production assets by this baseline.,assets/source_evidence/audio/owned_audio_estate_v1.0_rev2/docs/OWNERSHIP_AND_PROVENANCE_v1.0_REV2.md,CLEARED,No byte transformation performed during canonical placement; path/filename normalization only where recorded.
GG-AUDIO-AUDIO-OWNED-REV2-GG-MOTHERSHIP-DESTROYED-V001,FOUNDER_PROJECT_OWNED_OUTPUT,Founder-accepted REV2 owned audio estate; 48kHz/24-bit PCM stereo baseline.,GalacticGunners.zip,GalacticGunners/assets/audio/GALACTIC_GUNNERS_OWNED_AUDIO_ESTATE_v1.0_REV2/audio/gg_mothership_destroyed_v001.wav,F127E1FE61B10384C5C33F300E5C3FC6B9FF713B15BEA78FAF0C7E89F3244DD4,Founder Michael Leese / Inceptivec supplied owned audio estate,"Founder selection, direction, supply and admission for Galactic Gunners project baseline.",NONE DECLARED IN SUPPLIED BASELINE,Founder project authority; commercial-use clearance classified for active production assets by this baseline.,assets/source_evidence/audio/owned_audio_estate_v1.0_rev2/docs/OWNERSHIP_AND_PROVENANCE_v1.0_REV2.md,CLEARED,No byte transformation performed during canonical placement; path/filename normalization only where recorded.
GG-AUDIO-AUDIO-OWNED-REV2-GG-MOTHERSHIP-HIT-V001,FOUNDER_PROJECT_OWNED_OUTPUT,Founder-accepted REV2 owned audio estate; 48kHz/24-bit PCM stereo baseline.,GalacticGunners.zip,GalacticGunners/assets/audio/GALACTIC_GUNNERS_OWNED_AUDIO_ESTATE_v1.0_REV2/audio/gg_mothership_hit_v001.wav,626E414B8BF821EF6F05C43F8BA3FAE04E8C1823873E65FE603BF1F5308EDE36,Founder Michael Leese / Inceptivec supplied owned audio estate,"Founder selection, direction, supply and admission for Galactic Gunners project baseline.",NONE DECLARED IN SUPPLIED BASELINE,Founder project authority; commercial-use clearance classified for active production assets by this baseline.,assets/source_evidence/audio/owned_audio_estate_v1.0_rev2/docs/OWNERSHIP_AND_PROVENANCE_v1.0_REV2.md,CLEARED,No byte transformation performed during canonical placement; path/filename normalization only where recorded.
GG-AUDIO-AUDIO-OWNED-REV2-GG-NUKE-BURST-V001,FOUNDER_PROJECT_OWNED_OUTPUT,Founder-accepted REV2 owned audio estate; 48kHz/24-bit PCM stereo baseline.,GalacticGunners.zip,GalacticGunners/assets/audio/GALACTIC_GUNNERS_OWNED_AUDIO_ESTATE_v1.0_REV2/audio/gg_nuke_burst_v001.wav,46E97A344CBCEF9E775B9FCC81B0895858D29E975C32C416C6E3CD91C8DA6D2B,Founder Michael Leese / Inceptivec supplied owned audio estate,"Founder selection, direction, supply and admission for Galactic Gunners project baseline.",NONE DECLARED IN SUPPLIED BASELINE,Founder project authority; commercial-use clearance classified for active production assets by this baseline.,assets/source_evidence/audio/owned_audio_estate_v1.0_rev2/docs/OWNERSHIP_AND_PROVENANCE_v1.0_REV2.md,CLEARED,No byte transformation performed during canonical placement; path/filename normalization only where recorded.
GG-AUDIO-AUDIO-OWNED-REV2-GG-NUKE-FIRE-V001,FOUNDER_PROJECT_OWNED_OUTPUT,Founder-accepted REV2 owned audio estate; 48kHz/24-bit PCM stereo baseline.,GalacticGunners.zip,GalacticGunners/assets/audio/GALACTIC_GUNNERS_OWNED_AUDIO_ESTATE_v1.0_REV2/audio/gg_nuke_fire_v001.wav,CDECCACB879343A5D3772EFE6ABF6A514F8E7B2CC5C5486C123D4B8906898E1C,Founder Michael Leese / Inceptivec supplied owned audio estate,"Founder selection, direction, supply and admission for Galactic Gunners project baseline.",NONE DECLARED IN SUPPLIED BASELINE,Founder project authority; commercial-use clearance classified for active production assets by this baseline.,assets/source_evidence/audio/owned_audio_estate_v1.0_rev2/docs/OWNERSHIP_AND_PROVENANCE_v1.0_REV2.md,CLEARED,No byte transformation performed during canonical placement; path/filename normalization only where recorded.
GG-AUDIO-AUDIO-OWNED-REV2-GG-PLAYER-HIT-V001,FOUNDER_PROJECT_OWNED_OUTPUT,Founder-accepted REV2 owned audio estate; 48kHz/24-bit PCM stereo baseline.,GalacticGunners.zip,GalacticGunners/assets/audio/GALACTIC_GUNNERS_OWNED_AUDIO_ESTATE_v1.0_REV2/audio/gg_player_hit_v001.wav,049D14BD1353957D2A859FF4F5C56E5B854B6D75B9D136310559CA45810BF311,Founder Michael Leese / Inceptivec supplied owned audio estate,"Founder selection, direction, supply and admission for Galactic Gunners project baseline.",NONE DECLARED IN SUPPLIED BASELINE,Founder project authority; commercial-use clearance classified for active production assets by this baseline.,assets/source_evidence/audio/owned_audio_estate_v1.0_rev2/docs/OWNERSHIP_AND_PROVENANCE_v1.0_REV2.md,CLEARED,No byte transformation performed during canonical placement; path/filename normalization only where recorded.
GG-AUDIO-AUDIO-OWNED-REV2-GG-PLAYER-LASER-V001,FOUNDER_PROJECT_OWNED_OUTPUT,Founder-accepted REV2 owned audio estate; 48kHz/24-bit PCM stereo baseline.,GalacticGunners.zip,GalacticGunners/assets/audio/GALACTIC_GUNNERS_OWNED_AUDIO_ESTATE_v1.0_REV2/audio/gg_player_laser_v001.wav,9EDA7CF68F47E307AB3F7041E1DD59AC5F07E279C32CB1A9C9D3405905247AFF,Founder Michael Leese / Inceptivec supplied owned audio estate,"Founder selection, direction, supply and admission for Galactic Gunners project baseline.",NONE DECLARED IN SUPPLIED BASELINE,Founder project authority; commercial-use clearance classified for active production assets by this baseline.,assets/source_evidence/audio/owned_audio_estate_v1.0_rev2/docs/OWNERSHIP_AND_PROVENANCE_v1.0_REV2.md,CLEARED,No byte transformation performed during canonical placement; path/filename normalization only where recorded.
GG-AUDIO-AUDIO-OWNED-REV2-GG-SHIELD-HIT-V001,FOUNDER_PROJECT_OWNED_OUTPUT,Founder-accepted REV2 owned audio estate; 48kHz/24-bit PCM stereo baseline.,GalacticGunners.zip,GalacticGunners/assets/audio/GALACTIC_GUNNERS_OWNED_AUDIO_ESTATE_v1.0_REV2/audio/gg_shield_hit_v001.wav,098BC70F5F2919DC1ED089D377F5B7E18B43D551EA3649E9A0161E4AA1252178,Founder Michael Leese / Inceptivec supplied owned audio estate,"Founder selection, direction, supply and admission for Galactic Gunners project baseline.",NONE DECLARED IN SUPPLIED BASELINE,Founder project authority; commercial-use clearance classified for active production assets by this baseline.,assets/source_evidence/audio/owned_audio_estate_v1.0_rev2/docs/OWNERSHIP_AND_PROVENANCE_v1.0_REV2.md,CLEARED,No byte transformation performed during canonical placement; path/filename normalization only where recorded.
GG-AUDIO-AUDIO-OWNED-REV2-GG-UI-BACK-V001,FOUNDER_PROJECT_OWNED_OUTPUT,Founder-accepted REV2 owned audio estate; 48kHz/24-bit PCM stereo baseline.,GalacticGunners.zip,GalacticGunners/assets/audio/GALACTIC_GUNNERS_OWNED_AUDIO_ESTATE_v1.0_REV2/audio/gg_ui_back_v001.wav,F75A5C541AAA73618C2AA75BBB28B7B94E86790A3B4C8D5F20DEAA8EFC8FF9DB,Founder Michael Leese / Inceptivec supplied owned audio estate,"Founder selection, direction, supply and admission for Galactic Gunners project baseline.",NONE DECLARED IN SUPPLIED BASELINE,Founder project authority; commercial-use clearance classified for active production assets by this baseline.,assets/source_evidence/audio/owned_audio_estate_v1.0_rev2/docs/OWNERSHIP_AND_PROVENANCE_v1.0_REV2.md,CLEARED,No byte transformation performed during canonical placement; path/filename normalization only where recorded.
GG-AUDIO-AUDIO-OWNED-REV2-GG-UI-CONFIRM-V001,FOUNDER_PROJECT_OWNED_OUTPUT,Founder-accepted REV2 owned audio estate; 48kHz/24-bit PCM stereo baseline.,GalacticGunners.zip,GalacticGunners/assets/audio/GALACTIC_GUNNERS_OWNED_AUDIO_ESTATE_v1.0_REV2/audio/gg_ui_confirm_v001.wav,5126059176E8D15623C5EFF70DCD8EAF39ED092156E8C5EFA3D55468C5317B93,Founder Michael Leese / Inceptivec supplied owned audio estate,"Founder selection, direction, supply and admission for Galactic Gunners project baseline.",NONE DECLARED IN SUPPLIED BASELINE,Founder project authority; commercial-use clearance classified for active production assets by this baseline.,assets/source_evidence/audio/owned_audio_estate_v1.0_rev2/docs/OWNERSHIP_AND_PROVENANCE_v1.0_REV2.md,CLEARED,No byte transformation performed during canonical placement; path/filename normalization only where recorded.
GG-AUDIO-AUDIO-OWNED-REV2-GG-UI-SELECT-V001,FOUNDER_PROJECT_OWNED_OUTPUT,Founder-accepted REV2 owned audio estate; 48kHz/24-bit PCM stereo baseline.,GalacticGunners.zip,GalacticGunners/assets/audio/GALACTIC_GUNNERS_OWNED_AUDIO_ESTATE_v1.0_REV2/audio/gg_ui_select_v001.wav,BB382B07D808043ECD484DE8F92C154596F7DA95A11DCE60FB770E2862AF0618,Founder Michael Leese / Inceptivec supplied owned audio estate,"Founder selection, direction, supply and admission for Galactic Gunners project baseline.",NONE DECLARED IN SUPPLIED BASELINE,Founder project authority; commercial-use clearance classified for active production assets by this baseline.,assets/source_evidence/audio/owned_audio_estate_v1.0_rev2/docs/OWNERSHIP_AND_PROVENANCE_v1.0_REV2.md,CLEARED,No byte transformation performed during canonical placement; path/filename normalization only where recorded.
GG-AUDIO-AUDIO-OWNED-REV2-GG-VICTORY-STINGER-V001,FOUNDER_PROJECT_OWNED_OUTPUT,Founder-accepted REV2 owned audio estate; 48kHz/24-bit PCM stereo baseline.,GalacticGunners.zip,GalacticGunners/assets/audio/GALACTIC_GUNNERS_OWNED_AUDIO_ESTATE_v1.0_REV2/audio/gg_victory_stinger_v001.wav,31079AC766DE4768D40DEE244ECE536601B74C0E8C91AAF74AB7E8FE995A021B,Founder Michael Leese / Inceptivec supplied owned audio estate,"Founder selection, direction, supply and admission for Galactic Gunners project baseline.",NONE DECLARED IN SUPPLIED BASELINE,Founder project authority; commercial-use clearance classified for active production assets by this baseline.,assets/source_evidence/audio/owned_audio_estate_v1.0_rev2/docs/OWNERSHIP_AND_PROVENANCE_v1.0_REV2.md,CLEARED,No byte transformation performed during canonical placement; path/filename normalization only where recorded.
GG-BACKGROUND-BACKGROUNDS-OWNED-GALAXY-LANDSCAPE-DIFFERENT,PROJECT_DIRECTED_AI_ASSISTED_OUTPUT,Founder-supplied Galactic Gunners asset/IP baseline estate.,GalacticGunners.zip,GalacticGunners/assets/images/background_images/Galaxy_Landscape_different.png,1364B1C4B17451D4CA1B2095C7419FC52583B373398C318B900EB5656F58A5B4,Founder Michael Leese / Inceptivec supplied project estate,"Founder selection, direction, supply and admission for Galactic Gunners project baseline.",NONE DECLARED IN SUPPLIED BASELINE,Founder project authority; commercial-use clearance classified for active production assets by this baseline.,assets/OWNERSHIP_PROVENANCE_AND_IP_BASELINE.md,CLEARED,No byte transformation performed during canonical placement; path/filename normalization only where recorded.
GG-BACKGROUND-BACKGROUNDS-OWNED-GG-BG-STARFIELD-PORTRAIT-V002,PROJECT_DIRECTED_AI_ASSISTED_OUTPUT,Founder-supplied Galactic Gunners asset/IP baseline estate.,GalacticGunners.zip,GalacticGunners/assets/images/background_images/gg_bg_starfield_portrait_v002.png,A861502D9EE33108E47DE27738F042B6BAE954E628DD9B296B385CB5BB9AF015,Founder Michael Leese / Inceptivec supplied project estate,"Founder selection, direction, supply and admission for Galactic Gunners project baseline.",NONE DECLARED IN SUPPLIED BASELINE,Founder project authority; commercial-use clearance classified for active production assets by this baseline.,assets/OWNERSHIP_PROVENANCE_AND_IP_BASELINE.md,CLEARED,No byte transformation performed during canonical placement; path/filename normalization only where recorded.
GG-BACKGROUND-BACKGROUNDS-OWNED-GG-BG-STARFIELD-V002,PROJECT_DIRECTED_AI_ASSISTED_OUTPUT,Founder-supplied Galactic Gunners asset/IP baseline estate.,GalacticGunners.zip,GalacticGunners/assets/images/background_images/gg_bg_starfield_v002.png,25BBB12578B10E5AD6E77593656DF3CE8FFD72A15EEABADA8134ED76390301C2,Founder Michael Leese / Inceptivec supplied project estate,"Founder selection, direction, supply and admission for Galactic Gunners project baseline.",NONE DECLARED IN SUPPLIED BASELINE,Founder project authority; commercial-use clearance classified for active production assets by this baseline.,assets/OWNERSHIP_PROVENANCE_AND_IP_BASELINE.md,CLEARED,No byte transformation performed during canonical placement; path/filename normalization only where recorded.
GG-BRAND-BRANDING-LOGOS-GG-LOGO-COMPACT-V002,PROJECT_DIRECTED_AI_ASSISTED_OUTPUT,Founder-supplied Galactic Gunners asset/IP baseline estate.,GalacticGunners.zip,GalacticGunners/assets/images/logo/gg_logo_compact_v002.png,98CAA83484B8F066AE263DBA391594EF09FBC44A003FF9ED7991B1DF0A63D67B,Founder Michael Leese / Inceptivec supplied project estate,"Founder selection, direction, supply and admission for Galactic Gunners project baseline.",NONE DECLARED IN SUPPLIED BASELINE,Founder project authority; commercial-use clearance classified for active production assets by this baseline.,assets/OWNERSHIP_PROVENANCE_AND_IP_BASELINE.md,CLEARED,No byte transformation performed during canonical placement; path/filename normalization only where recorded.
GG-BRAND-BRANDING-LOGOS-GG-LOGO-PRIMARY-V002,PROJECT_DIRECTED_AI_ASSISTED_OUTPUT,Founder-supplied Galactic Gunners asset/IP baseline estate.,GalacticGunners.zip,GalacticGunners/assets/images/logo/gg_logo_primary_v002.png,4815BCBF0325CEBC0DE9B61F4CADBD87D6C791EF54F4B537CF2DA196221AAB76,Founder Michael Leese / Inceptivec supplied project estate,"Founder selection, direction, supply and admission for Galactic Gunners project baseline.",NONE DECLARED IN SUPPLIED BASELINE,Founder project authority; commercial-use clearance classified for active production assets by this baseline.,assets/OWNERSHIP_PROVENANCE_AND_IP_BASELINE.md,CLEARED,No byte transformation performed during canonical placement; path/filename normalization only where recorded.
GG-BRAND-BRANDING-LOGOS-GG-LOGO-PRIMARY-WORDS-V002,PROJECT_DIRECTED_AI_ASSISTED_OUTPUT,Founder-supplied Galactic Gunners asset/IP baseline estate.,GalacticGunners.zip,GalacticGunners/assets/images/logo/gg_logo_primary_words_v002.png,CC55C4D087DD02BB4FFC7CD581037D9C9BA17851CFAC1D56E2CB821F9BB29F5F,Founder Michael Leese / Inceptivec supplied project estate,"Founder selection, direction, supply and admission for Galactic Gunners project baseline.",NONE DECLARED IN SUPPLIED BASELINE,Founder project authority; commercial-use clearance classified for active production assets by this baseline.,assets/OWNERSHIP_PROVENANCE_AND_IP_BASELINE.md,CLEARED,No byte transformation performed during canonical placement; path/filename normalization only where recorded.
GG-EVIDENCE-SOURCE-EVIDENCE-AUDIO-OWNED-AUDIO-ESTATE-V1-0-REV2-DOCS-AUDIO-ASSET-REGISTER-V1-0-REV2,FOUNDER_SUPPLIED_SOURCE_REFERENCE,Audio estate provenance documentation.,GalacticGunners.zip,GalacticGunners/assets/audio/GALACTIC_GUNNERS_OWNED_AUDIO_ESTATE_v1.0_REV2/docs/AUDIO_ASSET_REGISTER_v1.0_REV2.md,8907DA822BB74B24C67475B756C87AB8B432C01365E27E6661C536E27C822E1A,Founder Michael Leese / Inceptivec supplied project estate,"Founder selection, direction, supply and admission for Galactic Gunners project baseline.",NONE DECLARED IN SUPPLIED BASELINE,Founder project authority; commercial-use clearance classified for active production assets by this baseline.,assets/source_evidence/audio/owned_audio_estate_v1.0_rev2/docs/OWNERSHIP_AND_PROVENANCE_v1.0_REV2.md,REFERENCE_ONLY,No byte transformation performed during canonical placement; path/filename normalization only where recorded.
GG-EVIDENCE-SOURCE-EVIDENCE-AUDIO-OWNED-AUDIO-ESTATE-V1-0-REV2-DOCS-AUDIO-DESIGN-AUTHORITY-V1-0-REV2,FOUNDER_SUPPLIED_SOURCE_REFERENCE,Audio estate provenance documentation.,GalacticGunners.zip,GalacticGunners/assets/audio/GALACTIC_GUNNERS_OWNED_AUDIO_ESTATE_v1.0_REV2/docs/AUDIO_DESIGN_AUTHORITY_v1.0_REV2.md,8DB7A288247D894E151399A31FFF996435347D11AD881A263A35EF683C775DE3,Founder Michael Leese / Inceptivec supplied project estate,"Founder selection, direction, supply and admission for Galactic Gunners project baseline.",NONE DECLARED IN SUPPLIED BASELINE,Founder project authority; commercial-use clearance classified for active production assets by this baseline.,assets/source_evidence/audio/owned_audio_estate_v1.0_rev2/docs/OWNERSHIP_AND_PROVENANCE_v1.0_REV2.md,REFERENCE_ONLY,No byte transformation performed during canonical placement; path/filename normalization only where recorded.
GG-EVIDENCE-SOURCE-EVIDENCE-AUDIO-OWNED-AUDIO-ESTATE-V1-0-REV2-DOCS-OWNERSHIP-AND-PROVENANCE-V1-0-REV2,FOUNDER_SUPPLIED_SOURCE_REFERENCE,Audio estate provenance documentation.,GalacticGunners.zip,GalacticGunners/assets/audio/GALACTIC_GUNNERS_OWNED_AUDIO_ESTATE_v1.0_REV2/docs/OWNERSHIP_AND_PROVENANCE_v1.0_REV2.md,C4395E66199AA3ABCE524EAFB2F3010B77524F41D9A19382E4031E1A5A79E927,Founder Michael Leese / Inceptivec supplied project estate,"Founder selection, direction, supply and admission for Galactic Gunners project baseline.",NONE DECLARED IN SUPPLIED BASELINE,Founder project authority; commercial-use clearance classified for active production assets by this baseline.,assets/source_evidence/audio/owned_audio_estate_v1.0_rev2/docs/OWNERSHIP_AND_PROVENANCE_v1.0_REV2.md,REFERENCE_ONLY,No byte transformation performed during canonical placement; path/filename normalization only where recorded.
GG-EVIDENCE-SOURCE-EVIDENCE-AUDIO-OWNED-AUDIO-ESTATE-V1-0-REV2-MANIFEST-SHA256,FOUNDER_SUPPLIED_SOURCE_REFERENCE,Audio estate SHA-256 manifest.,GalacticGunners.zip,GalacticGunners/assets/audio/GALACTIC_GUNNERS_OWNED_AUDIO_ESTATE_v1.0_REV2/MANIFEST_SHA256.json,49C28420738445BFF3E2EDE739B65F7F4C40B4CBC52F0E76662D7E2777799AB2,Founder Michael Leese / Inceptivec supplied project estate,"Founder selection, direction, supply and admission for Galactic Gunners project baseline.",NONE DECLARED IN SUPPLIED BASELINE,Founder project authority; commercial-use clearance classified for active production assets by this baseline.,assets/source_evidence/audio/owned_audio_estate_v1.0_rev2/docs/OWNERSHIP_AND_PROVENANCE_v1.0_REV2.md,REFERENCE_ONLY,No byte transformation performed during canonical placement; path/filename normalization only where recorded.
GG-EVIDENCE-SOURCE-EVIDENCE-FONTS-DISPLAY-V1-3-SOURCE-PACKAGE-GALACTICGUNNERSDISPLAY-REGULAR-V1-3-2,FOUNDER_SUPPLIED_SOURCE_REFERENCE,Complete display font v1.3 source/provenance/previews.,GalacticGunners.zip,GalacticGunners/assets/fonts/GalacticGunnersDisplay_v1.3_PRODUCTION_COMPLETE/GalacticGunnersDisplay_v1.3_PRODUCTION/GalacticGunnersDisplay-Regular-v1.3.woff2,D23C79A3A42199A7DB98FED82C90752F14C61FE2D13B82DAB51EAA1BC312BDAD,Founder Michael Leese / Inceptivec supplied project estate,"Founder selection, direction, supply and admission for Galactic Gunners project baseline.",NONE DECLARED IN SUPPLIED BASELINE,Founder project authority; commercial-use clearance classified for active production assets by this baseline.,assets/source_evidence/fonts/display_v1.3/source_package/OWNERSHIP_DECLARATION.md,REFERENCE_ONLY,No byte transformation performed during canonical placement; path/filename normalization only where recorded.
GG-EVIDENCE-SOURCE-EVIDENCE-FONTS-DISPLAY-V1-3-SOURCE-PACKAGE-GALACTICGUNNERSDISPLAY-SPECIMEN-V1-3,FOUNDER_SUPPLIED_SOURCE_REFERENCE,Complete display font v1.3 source/provenance/previews.,GalacticGunners.zip,GalacticGunners/assets/fonts/GalacticGunnersDisplay_v1.3_PRODUCTION_COMPLETE/GalacticGunnersDisplay_v1.3_PRODUCTION/GalacticGunnersDisplay-Specimen-v1.3.png,CF816A20C97FFC2BA7E693D4BD8ADD47627F14B806047CCC1279D9BF850FA520,Founder Michael Leese / Inceptivec supplied project estate,"Founder selection, direction, supply and admission for Galactic Gunners project baseline.",NONE DECLARED IN SUPPLIED BASELINE,Founder project authority; commercial-use clearance classified for active production assets by this baseline.,assets/source_evidence/fonts/display_v1.3/source_package/OWNERSHIP_DECLARATION.md,REFERENCE_ONLY,No byte transformation performed during canonical placement; path/filename normalization only where recorded.
GG-EVIDENCE-SOURCE-EVIDENCE-FONTS-DISPLAY-V1-3-SOURCE-PACKAGE-MANIFEST-SHA256,FOUNDER_SUPPLIED_SOURCE_REFERENCE,Complete display font v1.3 source/provenance/previews.,GalacticGunners.zip,GalacticGunners/assets/fonts/GalacticGunnersDisplay_v1.3_PRODUCTION_COMPLETE/GalacticGunnersDisplay_v1.3_PRODUCTION/MANIFEST_SHA256.json,32F37582A4FDFED2F18839F56C1E3D482A7EBE015005FEB10B35A05BDD140605,Founder Michael Leese / Inceptivec supplied project estate,"Founder selection, direction, supply and admission for Galactic Gunners project baseline.",NONE DECLARED IN SUPPLIED BASELINE,Founder project authority; commercial-use clearance classified for active production assets by this baseline.,assets/source_evidence/fonts/display_v1.3/source_package/OWNERSHIP_DECLARATION.md,REFERENCE_ONLY,No byte transformation performed during canonical placement; path/filename normalization only where recorded.
GG-EVIDENCE-SOURCE-EVIDENCE-FONTS-DISPLAY-V1-3-SOURCE-PACKAGE-OWNERSHIP-DECLARATION,FOUNDER_SUPPLIED_SOURCE_REFERENCE,Complete display font v1.3 source/provenance/previews.,GalacticGunners.zip,GalacticGunners/assets/fonts/GalacticGunnersDisplay_v1.3_PRODUCTION_COMPLETE/GalacticGunnersDisplay_v1.3_PRODUCTION/OWNERSHIP_DECLARATION.md,D6EAFECE31DAEFFA561242C46CDC8D0137F214D847874D9DE648857697C841E7,Founder Michael Leese / Inceptivec supplied project estate,"Founder selection, direction, supply and admission for Galactic Gunners project baseline.",NONE DECLARED IN SUPPLIED BASELINE,Founder project authority; commercial-use clearance classified for active production assets by this baseline.,assets/source_evidence/fonts/display_v1.3/source_package/OWNERSHIP_DECLARATION.md,REFERENCE_ONLY,No byte transformation performed during canonical placement; path/filename normalization only where recorded.
GG-EVIDENCE-SOURCE-EVIDENCE-FONTS-DISPLAY-V1-3-SOURCE-PACKAGE-PREVIEWS-FULL-AZ-09-PRODUCTION-PREVIEW,FOUNDER_SUPPLIED_SOURCE_REFERENCE,Complete display font v1.3 source/provenance/previews.,GalacticGunners.zip,GalacticGunners/assets/fonts/GalacticGunnersDisplay_v1.3_PRODUCTION_COMPLETE/GalacticGunnersDisplay_v1.3_PRODUCTION/PREVIEWS/FULL_AZ_09_PRODUCTION_PREVIEW.png,4F9023D5255B170AE7A6B85E5558BEA00A3397CB5DA4244A135325BC12F8132C,Founder Michael Leese / Inceptivec supplied project estate,"Founder selection, direction, supply and admission for Galactic Gunners project baseline.",NONE DECLARED IN SUPPLIED BASELINE,Founder project authority; commercial-use clearance classified for active production assets by this baseline.,assets/source_evidence/fonts/display_v1.3/source_package/OWNERSHIP_DECLARATION.md,REFERENCE_ONLY,No byte transformation performed during canonical placement; path/filename normalization only where recorded.
GG-EVIDENCE-SOURCE-EVIDENCE-FONTS-DISPLAY-V1-3-SOURCE-PACKAGE-PREVIEWS-SIZE-TEST-12-18-24-36-48-72,FOUNDER_SUPPLIED_SOURCE_REFERENCE,Complete display font v1.3 source/provenance/previews.,GalacticGunners.zip,GalacticGunners/assets/fonts/GalacticGunnersDisplay_v1.3_PRODUCTION_COMPLETE/GalacticGunnersDisplay_v1.3_PRODUCTION/PREVIEWS/SIZE_TEST_12_18_24_36_48_72.png,087802B6EF0D804EE4BED824B55B9875428B5ACFD329CDC2C09F2CDBBE65DC69,Founder Michael Leese / Inceptivec supplied project estate,"Founder selection, direction, supply and admission for Galactic Gunners project baseline.",NONE DECLARED IN SUPPLIED BASELINE,Founder project authority; commercial-use clearance classified for active production assets by this baseline.,assets/source_evidence/fonts/display_v1.3/source_package/OWNERSHIP_DECLARATION.md,REFERENCE_ONLY,No byte transformation performed during canonical placement; path/filename normalization only where recorded.
GG-EVIDENCE-SOURCE-EVIDENCE-FONTS-DISPLAY-V1-3-SOURCE-PACKAGE-PREVIEWS-TYPE-TEST-PRODUCTION,FOUNDER_SUPPLIED_SOURCE_REFERENCE,Complete display font v1.3 source/provenance/previews.,GalacticGunners.zip,GalacticGunners/assets/fonts/GalacticGunnersDisplay_v1.3_PRODUCTION_COMPLETE/GalacticGunnersDisplay_v1.3_PRODUCTION/PREVIEWS/TYPE_TEST_PRODUCTION.png,AF14D6F57863ED7D101408BE1C276C566122F94B9DACF3A736BB5C9454D5AA9D,Founder Michael Leese / Inceptivec supplied project estate,"Founder selection, direction, supply and admission for Galactic Gunners project baseline.",NONE DECLARED IN SUPPLIED BASELINE,Founder project authority; commercial-use clearance classified for active production assets by this baseline.,assets/source_evidence/fonts/display_v1.3/source_package/OWNERSHIP_DECLARATION.md,REFERENCE_ONLY,No byte transformation performed during canonical placement; path/filename normalization only where recorded.
GG-EVIDENCE-SOURCE-EVIDENCE-FONTS-DISPLAY-V1-3-SOURCE-PACKAGE-PROVENANCE-ASSET-REGISTER,FOUNDER_SUPPLIED_SOURCE_REFERENCE,Complete display font v1.3 source/provenance/previews.,GalacticGunners.zip,GalacticGunners/assets/fonts/GalacticGunnersDisplay_v1.3_PRODUCTION_COMPLETE/GalacticGunnersDisplay_v1.3_PRODUCTION/PROVENANCE/ASSET_REGISTER.md,768CD4DCBDBC280D9856FF6AE92363691722D9851BBBE7C653B3BC62E8CA67A7,Founder Michael Leese / Inceptivec supplied project estate,"Founder selection, direction, supply and admission for Galactic Gunners project baseline.",NONE DECLARED IN SUPPLIED BASELINE,Founder project authority; commercial-use clearance classified for active production assets by this baseline.,assets/source_evidence/fonts/display_v1.3/source_package/OWNERSHIP_DECLARATION.md,REFERENCE_ONLY,No byte transformation performed during canonical placement; path/filename normalization only where recorded.
GG-EVIDENCE-SOURCE-EVIDENCE-FONTS-DISPLAY-V1-3-SOURCE-PACKAGE-PROVENANCE-GLYPH-METRICS,FOUNDER_SUPPLIED_SOURCE_REFERENCE,Complete display font v1.3 source/provenance/previews.,GalacticGunners.zip,GalacticGunners/assets/fonts/GalacticGunnersDisplay_v1.3_PRODUCTION_COMPLETE/GalacticGunnersDisplay_v1.3_PRODUCTION/PROVENANCE/GLYPH_METRICS.json,C8D6224D2B5569B503A7BB1A550521D0B6DFA90575413575EE1E6D537D241D15,Founder Michael Leese / Inceptivec supplied project estate,"Founder selection, direction, supply and admission for Galactic Gunners project baseline.",NONE DECLARED IN SUPPLIED BASELINE,Founder project authority; commercial-use clearance classified for active production assets by this baseline.,assets/source_evidence/fonts/display_v1.3/source_package/OWNERSHIP_DECLARATION.md,REFERENCE_ONLY,No byte transformation performed during canonical placement; path/filename normalization only where recorded.
GG-EVIDENCE-SOURCE-EVIDENCE-FONTS-DISPLAY-V1-3-SOURCE-PACKAGE-PROVENANCE-OWNERSHIP-DECLARATION,FOUNDER_SUPPLIED_SOURCE_REFERENCE,Complete display font v1.3 source/provenance/previews.,GalacticGunners.zip,GalacticGunners/assets/fonts/GalacticGunnersDisplay_v1.3_PRODUCTION_COMPLETE/GalacticGunnersDisplay_v1.3_PRODUCTION/PROVENANCE/OWNERSHIP_DECLARATION.md,D6EAFECE31DAEFFA561242C46CDC8D0137F214D847874D9DE648857697C841E7,Founder Michael Leese / Inceptivec supplied project estate,"Founder selection, direction, supply and admission for Galactic Gunners project baseline.",NONE DECLARED IN SUPPLIED BASELINE,Founder project authority; commercial-use clearance classified for active production assets by this baseline.,assets/source_evidence/fonts/display_v1.3/source_package/OWNERSHIP_DECLARATION.md,REFERENCE_ONLY,No byte transformation performed during canonical placement; path/filename normalization only where recorded.
GG-EVIDENCE-SOURCE-EVIDENCE-FONTS-DISPLAY-V1-3-SOURCE-PACKAGE-PROVENANCE-SHA256-MANIFEST,FOUNDER_SUPPLIED_SOURCE_REFERENCE,Complete display font v1.3 source/provenance/previews.,GalacticGunners.zip,GalacticGunners/assets/fonts/GalacticGunnersDisplay_v1.3_PRODUCTION_COMPLETE/GalacticGunnersDisplay_v1.3_PRODUCTION/PROVENANCE/SHA256_MANIFEST.json,E147B67F79930C70F9243BADD8708060011C2EF9A9EAC66B1AC85A5011681411,Founder Michael Leese / Inceptivec supplied project estate,"Founder selection, direction, supply and admission for Galactic Gunners project baseline.",NONE DECLARED IN SUPPLIED BASELINE,Founder project authority; commercial-use clearance classified for active production assets by this baseline.,assets/source_evidence/fonts/display_v1.3/source_package/OWNERSHIP_DECLARATION.md,REFERENCE_ONLY,No byte transformation performed during canonical placement; path/filename normalization only where recorded.
GG-EVIDENCE-SOURCE-EVIDENCE-FONTS-DISPLAY-V1-3-SOURCE-PACKAGE-README,FOUNDER_SUPPLIED_SOURCE_REFERENCE,Complete display font v1.3 source/provenance/previews.,GalacticGunners.zip,GalacticGunners/assets/fonts/GalacticGunnersDisplay_v1.3_PRODUCTION_COMPLETE/GalacticGunnersDisplay_v1.3_PRODUCTION/README.md,360922C68D9A971E840EF5DDCEF548D31C6BD4B703F595D225DDD98CA9767764,Founder Michael Leese / Inceptivec supplied project estate,"Founder selection, direction, supply and admission for Galactic Gunners project baseline.",NONE DECLARED IN SUPPLIED BASELINE,Founder project authority; commercial-use clearance classified for active production assets by this baseline.,assets/source_evidence/fonts/display_v1.3/source_package/OWNERSHIP_DECLARATION.md,REFERENCE_ONLY,No byte transformation performed during canonical placement; path/filename normalization only where recorded.
GG-EVIDENCE-SOURCE-EVIDENCE-FONTS-DISPLAY-V1-3-SOURCE-PACKAGE-SOURCE-AUTHORITY-GALACTICGUNNERSDISPLAY-SPECIM,FOUNDER_SUPPLIED_SOURCE_REFERENCE,Complete display font v1.3 source/provenance/previews.,GalacticGunners.zip,GalacticGunners/assets/fonts/GalacticGunnersDisplay_v1.3_PRODUCTION_COMPLETE/GalacticGunnersDisplay_v1.3_PRODUCTION/SOURCE/AUTHORITY/GalacticGunnersDisplay-Specimen-v1.3.png,CF816A20C97FFC2BA7E693D4BD8ADD47627F14B806047CCC1279D9BF850FA520,Founder Michael Leese / Inceptivec supplied project estate,"Founder selection, direction, supply and admission for Galactic Gunners project baseline.",NONE DECLARED IN SUPPLIED BASELINE,Founder project authority; commercial-use clearance classified for active production assets by this baseline.,assets/source_evidence/fonts/display_v1.3/source_package/OWNERSHIP_DECLARATION.md,REFERENCE_ONLY,No byte transformation performed during canonical placement; path/filename normalization only where recorded.
GG-EVIDENCE-SOURCE-EVIDENCE-FONTS-DISPLAY-V1-3-SOURCE-PACKAGE-SOURCE-NORMALIZED-GLYPHS-MASK-0,FOUNDER_SUPPLIED_SOURCE_REFERENCE,Complete display font v1.3 source/provenance/previews.,GalacticGunners.zip,GalacticGunners/assets/fonts/GalacticGunnersDisplay_v1.3_PRODUCTION_COMPLETE/GalacticGunnersDisplay_v1.3_PRODUCTION/SOURCE/NORMALIZED_GLYPHS_MASK/0.png,18C365EDDF1A8061A5901FEEC9ACD26A05F5B535C2B53B95C0FFF7AD57A2845C,Founder Michael Leese / Inceptivec supplied project estate,"Founder selection, direction, supply and admission for Galactic Gunners project baseline.",NONE DECLARED IN SUPPLIED BASELINE,Founder project authority; commercial-use clearance classified for active production assets by this baseline.,assets/source_evidence/fonts/display_v1.3/source_package/OWNERSHIP_DECLARATION.md,REFERENCE_ONLY,No byte transformation performed during canonical placement; path/filename normalization only where recorded.
GG-EVIDENCE-SOURCE-EVIDENCE-FONTS-DISPLAY-V1-3-SOURCE-PACKAGE-SOURCE-NORMALIZED-GLYPHS-MASK-1,FOUNDER_SUPPLIED_SOURCE_REFERENCE,Complete display font v1.3 source/provenance/previews.,GalacticGunners.zip,GalacticGunners/assets/fonts/GalacticGunnersDisplay_v1.3_PRODUCTION_COMPLETE/GalacticGunnersDisplay_v1.3_PRODUCTION/SOURCE/NORMALIZED_GLYPHS_MASK/1.png,D7B22E871DE9D5F4D9F7782DD4352C82AA8388D34FAAF282939C2F47A317FEDA,Founder Michael Leese / Inceptivec supplied project estate,"Founder selection, direction, supply and admission for Galactic Gunners project baseline.",NONE DECLARED IN SUPPLIED BASELINE,Founder project authority; commercial-use clearance classified for active production assets by this baseline.,assets/source_evidence/fonts/display_v1.3/source_package/OWNERSHIP_DECLARATION.md,REFERENCE_ONLY,No byte transformation performed during canonical placement; path/filename normalization only where recorded.
GG-EVIDENCE-SOURCE-EVIDENCE-FONTS-DISPLAY-V1-3-SOURCE-PACKAGE-SOURCE-NORMALIZED-GLYPHS-MASK-2,FOUNDER_SUPPLIED_SOURCE_REFERENCE,Complete display font v1.3 source/provenance/previews.,GalacticGunners.zip,GalacticGunners/assets/fonts/GalacticGunnersDisplay_v1.3_PRODUCTION_COMPLETE/GalacticGunnersDisplay_v1.3_PRODUCTION/SOURCE/NORMALIZED_GLYPHS_MASK/2.png,47E6B10063A6C8A0D161F02D649E2AC9B405D3F988A29F9411568101DAC54AC4,Founder Michael Leese / Inceptivec supplied project estate,"Founder selection, direction, supply and admission for Galactic Gunners project baseline.",NONE DECLARED IN SUPPLIED BASELINE,Founder project authority; commercial-use clearance classified for active production assets by this baseline.,assets/source_evidence/fonts/display_v1.3/source_package/OWNERSHIP_DECLARATION.md,REFERENCE_ONLY,No byte transformation performed during canonical placement; path/filename normalization only where recorded.
GG-EVIDENCE-SOURCE-EVIDENCE-FONTS-DISPLAY-V1-3-SOURCE-PACKAGE-SOURCE-NORMALIZED-GLYPHS-MASK-3,FOUNDER_SUPPLIED_SOURCE_REFERENCE,Complete display font v1.3 source/provenance/previews.,GalacticGunners.zip,GalacticGunners/assets/fonts/GalacticGunnersDisplay_v1.3_PRODUCTION_COMPLETE/GalacticGunnersDisplay_v1.3_PRODUCTION/SOURCE/NORMALIZED_GLYPHS_MASK/3.png,8FD6507B43105A6D253E423B31A91EA0A9BB78B729B963C4D37AEDE5E3A9A3EE,Founder Michael Leese / Inceptivec supplied project estate,"Founder selection, direction, supply and admission for Galactic Gunners project baseline.",NONE DECLARED IN SUPPLIED BASELINE,Founder project authority; commercial-use clearance classified for active production assets by this baseline.,assets/source_evidence/fonts/display_v1.3/source_package/OWNERSHIP_DECLARATION.md,REFERENCE_ONLY,No byte transformation performed during canonical placement; path/filename normalization only where recorded.
GG-EVIDENCE-SOURCE-EVIDENCE-FONTS-DISPLAY-V1-3-SOURCE-PACKAGE-SOURCE-NORMALIZED-GLYPHS-MASK-4,FOUNDER_SUPPLIED_SOURCE_REFERENCE,Complete display font v1.3 source/provenance/previews.,GalacticGunners.zip,GalacticGunners/assets/fonts/GalacticGunnersDisplay_v1.3_PRODUCTION_COMPLETE/GalacticGunnersDisplay_v1.3_PRODUCTION/SOURCE/NORMALIZED_GLYPHS_MASK/4.png,024AD09AA10803F7CDF723A1782DCB7EB67F8A7A55AB183F86E14E6436E3EE76,Founder Michael Leese / Inceptivec supplied project estate,"Founder selection, direction, supply and admission for Galactic Gunners project baseline.",NONE DECLARED IN SUPPLIED BASELINE,Founder project authority; commercial-use clearance classified for active production assets by this baseline.,assets/source_evidence/fonts/display_v1.3/source_package/OWNERSHIP_DECLARATION.md,REFERENCE_ONLY,No byte transformation performed during canonical placement; path/filename normalization only where recorded.
GG-EVIDENCE-SOURCE-EVIDENCE-FONTS-DISPLAY-V1-3-SOURCE-PACKAGE-SOURCE-NORMALIZED-GLYPHS-MASK-5,FOUNDER_SUPPLIED_SOURCE_REFERENCE,Complete display font v1.3 source/provenance/previews.,GalacticGunners.zip,GalacticGunners/assets/fonts/GalacticGunnersDisplay_v1.3_PRODUCTION_COMPLETE/GalacticGunnersDisplay_v1.3_PRODUCTION/SOURCE/NORMALIZED_GLYPHS_MASK/5.png,CFE5E91599578569FF426211A3F231F928CB4AF90BCCA3FC01A2419E20E6EA76,Founder Michael Leese / Inceptivec supplied project estate,"Founder selection, direction, supply and admission for Galactic Gunners project baseline.",NONE DECLARED IN SUPPLIED BASELINE,Founder project authority; commercial-use clearance classified for active production assets by this baseline.,assets/source_evidence/fonts/display_v1.3/source_package/OWNERSHIP_DECLARATION.md,REFERENCE_ONLY,No byte transformation performed during canonical placement; path/filename normalization only where recorded.
GG-EVIDENCE-SOURCE-EVIDENCE-FONTS-DISPLAY-V1-3-SOURCE-PACKAGE-SOURCE-NORMALIZED-GLYPHS-MASK-6,FOUNDER_SUPPLIED_SOURCE_REFERENCE,Complete display font v1.3 source/provenance/previews.,GalacticGunners.zip,GalacticGunners/assets/fonts/GalacticGunnersDisplay_v1.3_PRODUCTION_COMPLETE/GalacticGunnersDisplay_v1.3_PRODUCTION/SOURCE/NORMALIZED_GLYPHS_MASK/6.png,45E16F476422644E20359E6C1829719D1A4E4008C046AD3D207C428204E3E00A,Founder Michael Leese / Inceptivec supplied project estate,"Founder selection, direction, supply and admission for Galactic Gunners project baseline.",NONE DECLARED IN SUPPLIED BASELINE,Founder project authority; commercial-use clearance classified for active production assets by this baseline.,assets/source_evidence/fonts/display_v1.3/source_package/OWNERSHIP_DECLARATION.md,REFERENCE_ONLY,No byte transformation performed during canonical placement; path/filename normalization only where recorded.
GG-EVIDENCE-SOURCE-EVIDENCE-FONTS-DISPLAY-V1-3-SOURCE-PACKAGE-SOURCE-NORMALIZED-GLYPHS-MASK-7,FOUNDER_SUPPLIED_SOURCE_REFERENCE,Complete display font v1.3 source/provenance/previews.,GalacticGunners.zip,GalacticGunners/assets/fonts/GalacticGunnersDisplay_v1.3_PRODUCTION_COMPLETE/GalacticGunnersDisplay_v1.3_PRODUCTION/SOURCE/NORMALIZED_GLYPHS_MASK/7.png,77BA2EDE01557B5A3868BE34885BA4673B71A97ADD2F927F65997ADF0804FFA3,Founder Michael Leese / Inceptivec supplied project estate,"Founder selection, direction, supply and admission for Galactic Gunners project baseline.",NONE DECLARED IN SUPPLIED BASELINE,Founder project authority; commercial-use clearance classified for active production assets by this baseline.,assets/source_evidence/fonts/display_v1.3/source_package/OWNERSHIP_DECLARATION.md,REFERENCE_ONLY,No byte transformation performed during canonical placement; path/filename normalization only where recorded.
GG-EVIDENCE-SOURCE-EVIDENCE-FONTS-DISPLAY-V1-3-SOURCE-PACKAGE-SOURCE-NORMALIZED-GLYPHS-MASK-8,FOUNDER_SUPPLIED_SOURCE_REFERENCE,Complete display font v1.3 source/provenance/previews.,GalacticGunners.zip,GalacticGunners/assets/fonts/GalacticGunnersDisplay_v1.3_PRODUCTION_COMPLETE/GalacticGunnersDisplay_v1.3_PRODUCTION/SOURCE/NORMALIZED_GLYPHS_MASK/8.png,FAD55BB00235F2C38BF6BCB75D027E3DBE690E113DEF55D49FB8DAB90305976A,Founder Michael Leese / Inceptivec supplied project estate,"Founder selection, direction, supply and admission for Galactic Gunners project baseline.",NONE DECLARED IN SUPPLIED BASELINE,Founder project authority; commercial-use clearance classified for active production assets by this baseline.,assets/source_evidence/fonts/display_v1.3/source_package/OWNERSHIP_DECLARATION.md,REFERENCE_ONLY,No byte transformation performed during canonical placement; path/filename normalization only where recorded.
GG-EVIDENCE-SOURCE-EVIDENCE-FONTS-DISPLAY-V1-3-SOURCE-PACKAGE-SOURCE-NORMALIZED-GLYPHS-MASK-9,FOUNDER_SUPPLIED_SOURCE_REFERENCE,Complete display font v1.3 source/provenance/previews.,GalacticGunners.zip,GalacticGunners/assets/fonts/GalacticGunnersDisplay_v1.3_PRODUCTION_COMPLETE/GalacticGunnersDisplay_v1.3_PRODUCTION/SOURCE/NORMALIZED_GLYPHS_MASK/9.png,1420443EA78C200D05480C19C5195F41FC3A32F09C29EB371C8E29D7DB6B338F,Founder Michael Leese / Inceptivec supplied project estate,"Founder selection, direction, supply and admission for Galactic Gunners project baseline.",NONE DECLARED IN SUPPLIED BASELINE,Founder project authority; commercial-use clearance classified for active production assets by this baseline.,assets/source_evidence/fonts/display_v1.3/source_package/OWNERSHIP_DECLARATION.md,REFERENCE_ONLY,No byte transformation performed during canonical placement; path/filename normalization only where recorded.
GG-EVIDENCE-SOURCE-EVIDENCE-FONTS-DISPLAY-V1-3-SOURCE-PACKAGE-SOURCE-NORMALIZED-GLYPHS-MASK-A,FOUNDER_SUPPLIED_SOURCE_REFERENCE,Complete display font v1.3 source/provenance/previews.,GalacticGunners.zip,GalacticGunners/assets/fonts/GalacticGunnersDisplay_v1.3_PRODUCTION_COMPLETE/GalacticGunnersDisplay_v1.3_PRODUCTION/SOURCE/NORMALIZED_GLYPHS_MASK/A.png,8ECED2FFB4E939FF8DCEBCF1AE3C26BC52A8657F8EF0874680754BA3912CDC44,Founder Michael Leese / Inceptivec supplied project estate,"Founder selection, direction, supply and admission for Galactic Gunners project baseline.",NONE DECLARED IN SUPPLIED BASELINE,Founder project authority; commercial-use clearance classified for active production assets by this baseline.,assets/source_evidence/fonts/display_v1.3/source_package/OWNERSHIP_DECLARATION.md,REFERENCE_ONLY,No byte transformation performed during canonical placement; path/filename normalization only where recorded.
GG-EVIDENCE-SOURCE-EVIDENCE-FONTS-DISPLAY-V1-3-SOURCE-PACKAGE-SOURCE-NORMALIZED-GLYPHS-MASK-B,FOUNDER_SUPPLIED_SOURCE_REFERENCE,Complete display font v1.3 source/provenance/previews.,GalacticGunners.zip,GalacticGunners/assets/fonts/GalacticGunnersDisplay_v1.3_PRODUCTION_COMPLETE/GalacticGunnersDisplay_v1.3_PRODUCTION/SOURCE/NORMALIZED_GLYPHS_MASK/B.png,CB206DC017B61CC6A5C284D461172F9C55710510CF1F68A7FF704794E0E98BC2,Founder Michael Leese / Inceptivec supplied project estate,"Founder selection, direction, supply and admission for Galactic Gunners project baseline.",NONE DECLARED IN SUPPLIED BASELINE,Founder project authority; commercial-use clearance classified for active production assets by this baseline.,assets/source_evidence/fonts/display_v1.3/source_package/OWNERSHIP_DECLARATION.md,REFERENCE_ONLY,No byte transformation performed during canonical placement; path/filename normalization only where recorded.
GG-EVIDENCE-SOURCE-EVIDENCE-FONTS-DISPLAY-V1-3-SOURCE-PACKAGE-SOURCE-NORMALIZED-GLYPHS-MASK-C,FOUNDER_SUPPLIED_SOURCE_REFERENCE,Complete display font v1.3 source/provenance/previews.,GalacticGunners.zip,GalacticGunners/assets/fonts/GalacticGunnersDisplay_v1.3_PRODUCTION_COMPLETE/GalacticGunnersDisplay_v1.3_PRODUCTION/SOURCE/NORMALIZED_GLYPHS_MASK/C.png,84317D96528F23EDD9A2BD523CE8031871366D8388F9010C62B980942E43AE4B,Founder Michael Leese / Inceptivec supplied project estate,"Founder selection, direction, supply and admission for Galactic Gunners project baseline.",NONE DECLARED IN SUPPLIED BASELINE,Founder project authority; commercial-use clearance classified for active production assets by this baseline.,assets/source_evidence/fonts/display_v1.3/source_package/OWNERSHIP_DECLARATION.md,REFERENCE_ONLY,No byte transformation performed during canonical placement; path/filename normalization only where recorded.
GG-EVIDENCE-SOURCE-EVIDENCE-FONTS-DISPLAY-V1-3-SOURCE-PACKAGE-SOURCE-NORMALIZED-GLYPHS-MASK-D,FOUNDER_SUPPLIED_SOURCE_REFERENCE,Complete display font v1.3 source/provenance/previews.,GalacticGunners.zip,GalacticGunners/assets/fonts/GalacticGunnersDisplay_v1.3_PRODUCTION_COMPLETE/GalacticGunnersDisplay_v1.3_PRODUCTION/SOURCE/NORMALIZED_GLYPHS_MASK/D.png,A6828EEA009F53F3CF4A148847B15B8FF31291836ACDFA34EDE71DE929CC8064,Founder Michael Leese / Inceptivec supplied project estate,"Founder selection, direction, supply and admission for Galactic Gunners project baseline.",NONE DECLARED IN SUPPLIED BASELINE,Founder project authority; commercial-use clearance classified for active production assets by this baseline.,assets/source_evidence/fonts/display_v1.3/source_package/OWNERSHIP_DECLARATION.md,REFERENCE_ONLY,No byte transformation performed during canonical placement; path/filename normalization only where recorded.
GG-EVIDENCE-SOURCE-EVIDENCE-FONTS-DISPLAY-V1-3-SOURCE-PACKAGE-SOURCE-NORMALIZED-GLYPHS-MASK-E,FOUNDER_SUPPLIED_SOURCE_REFERENCE,Complete display font v1.3 source/provenance/previews.,GalacticGunners.zip,GalacticGunners/assets/fonts/GalacticGunnersDisplay_v1.3_PRODUCTION_COMPLETE/GalacticGunnersDisplay_v1.3_PRODUCTION/SOURCE/NORMALIZED_GLYPHS_MASK/E.png,BF397EC312A8665D4F7ECC12686393FF25B49C21A828D1182D0DE102E3D801FE,Founder Michael Leese / Inceptivec supplied project estate,"Founder selection, direction, supply and admission for Galactic Gunners project baseline.",NONE DECLARED IN SUPPLIED BASELINE,Founder project authority; commercial-use clearance classified for active production assets by this baseline.,assets/source_evidence/fonts/display_v1.3/source_package/OWNERSHIP_DECLARATION.md,REFERENCE_ONLY,No byte transformation performed during canonical placement; path/filename normalization only where recorded.
GG-EVIDENCE-SOURCE-EVIDENCE-FONTS-DISPLAY-V1-3-SOURCE-PACKAGE-SOURCE-NORMALIZED-GLYPHS-MASK-F,FOUNDER_SUPPLIED_SOURCE_REFERENCE,Complete display font v1.3 source/provenance/previews.,GalacticGunners.zip,GalacticGunners/assets/fonts/GalacticGunnersDisplay_v1.3_PRODUCTION_COMPLETE/GalacticGunnersDisplay_v1.3_PRODUCTION/SOURCE/NORMALIZED_GLYPHS_MASK/F.png,DCED94C6063B91177B72B9E98D8BA414DD2962AC6A54E4D0554BFD5869A43C96,Founder Michael Leese / Inceptivec supplied project estate,"Founder selection, direction, supply and admission for Galactic Gunners project baseline.",NONE DECLARED IN SUPPLIED BASELINE,Founder project authority; commercial-use clearance classified for active production assets by this baseline.,assets/source_evidence/fonts/display_v1.3/source_package/OWNERSHIP_DECLARATION.md,REFERENCE_ONLY,No byte transformation performed during canonical placement; path/filename normalization only where recorded.
GG-EVIDENCE-SOURCE-EVIDENCE-FONTS-DISPLAY-V1-3-SOURCE-PACKAGE-SOURCE-NORMALIZED-GLYPHS-MASK-G,FOUNDER_SUPPLIED_SOURCE_REFERENCE,Complete display font v1.3 source/provenance/previews.,GalacticGunners.zip,GalacticGunners/assets/fonts/GalacticGunnersDisplay_v1.3_PRODUCTION_COMPLETE/GalacticGunnersDisplay_v1.3_PRODUCTION/SOURCE/NORMALIZED_GLYPHS_MASK/G.png,978463738DB618BB7057673F54DB4C0828687B7230FFD20233966BDC6ECE8311,Founder Michael Leese / Inceptivec supplied project estate,"Founder selection, direction, supply and admission for Galactic Gunners project baseline.",NONE DECLARED IN SUPPLIED BASELINE,Founder project authority; commercial-use clearance classified for active production assets by this baseline.,assets/source_evidence/fonts/display_v1.3/source_package/OWNERSHIP_DECLARATION.md,REFERENCE_ONLY,No byte transformation performed during canonical placement; path/filename normalization only where recorded.
GG-EVIDENCE-SOURCE-EVIDENCE-FONTS-DISPLAY-V1-3-SOURCE-PACKAGE-SOURCE-NORMALIZED-GLYPHS-MASK-H,FOUNDER_SUPPLIED_SOURCE_REFERENCE,Complete display font v1.3 source/provenance/previews.,GalacticGunners.zip,GalacticGunners/assets/fonts/GalacticGunnersDisplay_v1.3_PRODUCTION_COMPLETE/GalacticGunnersDisplay_v1.3_PRODUCTION/SOURCE/NORMALIZED_GLYPHS_MASK/H.png,F3992377E2EDA11CE47244B35983661307486468054900FCD77AB54B479A855C,Founder Michael Leese / Inceptivec supplied project estate,"Founder selection, direction, supply and admission for Galactic Gunners project baseline.",NONE DECLARED IN SUPPLIED BASELINE,Founder project authority; commercial-use clearance classified for active production assets by this baseline.,assets/source_evidence/fonts/display_v1.3/source_package/OWNERSHIP_DECLARATION.md,REFERENCE_ONLY,No byte transformation performed during canonical placement; path/filename normalization only where recorded.
GG-EVIDENCE-SOURCE-EVIDENCE-FONTS-DISPLAY-V1-3-SOURCE-PACKAGE-SOURCE-NORMALIZED-GLYPHS-MASK-I,FOUNDER_SUPPLIED_SOURCE_REFERENCE,Complete display font v1.3 source/provenance/previews.,GalacticGunners.zip,GalacticGunners/assets/fonts/GalacticGunnersDisplay_v1.3_PRODUCTION_COMPLETE/GalacticGunnersDisplay_v1.3_PRODUCTION/SOURCE/NORMALIZED_GLYPHS_MASK/I.png,F4C1B2DE2FD83D2D5629EDF0661A1743468744C1666EDDBB0EC35B8BF11D1677,Founder Michael Leese / Inceptivec supplied project estate,"Founder selection, direction, supply and admission for Galactic Gunners project baseline.",NONE DECLARED IN SUPPLIED BASELINE,Founder project authority; commercial-use clearance classified for active production assets by this baseline.,assets/source_evidence/fonts/display_v1.3/source_package/OWNERSHIP_DECLARATION.md,REFERENCE_ONLY,No byte transformation performed during canonical placement; path/filename normalization only where recorded.
GG-EVIDENCE-SOURCE-EVIDENCE-FONTS-DISPLAY-V1-3-SOURCE-PACKAGE-SOURCE-NORMALIZED-GLYPHS-MASK-J,FOUNDER_SUPPLIED_SOURCE_REFERENCE,Complete display font v1.3 source/provenance/previews.,GalacticGunners.zip,GalacticGunners/assets/fonts/GalacticGunnersDisplay_v1.3_PRODUCTION_COMPLETE/GalacticGunnersDisplay_v1.3_PRODUCTION/SOURCE/NORMALIZED_GLYPHS_MASK/J.png,85FFB1D528E2590E4DD2E7CB96D79BE50A5BC1AE695ED8D3709B5D08A82A2FF2,Founder Michael Leese / Inceptivec supplied project estate,"Founder selection, direction, supply and admission for Galactic Gunners project baseline.",NONE DECLARED IN SUPPLIED BASELINE,Founder project authority; commercial-use clearance classified for active production assets by this baseline.,assets/source_evidence/fonts/display_v1.3/source_package/OWNERSHIP_DECLARATION.md,REFERENCE_ONLY,No byte transformation performed during canonical placement; path/filename normalization only where recorded.
GG-EVIDENCE-SOURCE-EVIDENCE-FONTS-DISPLAY-V1-3-SOURCE-PACKAGE-SOURCE-NORMALIZED-GLYPHS-MASK-K,FOUNDER_SUPPLIED_SOURCE_REFERENCE,Complete display font v1.3 source/provenance/previews.,GalacticGunners.zip,GalacticGunners/assets/fonts/GalacticGunnersDisplay_v1.3_PRODUCTION_COMPLETE/GalacticGunnersDisplay_v1.3_PRODUCTION/SOURCE/NORMALIZED_GLYPHS_MASK/K.png,767FDACBF5018F77E939EAB7E8D3184E9DCCD5F065F9935623F6CC81FF88F80B,Founder Michael Leese / Inceptivec supplied project estate,"Founder selection, direction, supply and admission for Galactic Gunners project baseline.",NONE DECLARED IN SUPPLIED BASELINE,Founder project authority; commercial-use clearance classified for active production assets by this baseline.,assets/source_evidence/fonts/display_v1.3/source_package/OWNERSHIP_DECLARATION.md,REFERENCE_ONLY,No byte transformation performed during canonical placement; path/filename normalization only where recorded.
GG-EVIDENCE-SOURCE-EVIDENCE-FONTS-DISPLAY-V1-3-SOURCE-PACKAGE-SOURCE-NORMALIZED-GLYPHS-MASK-L,FOUNDER_SUPPLIED_SOURCE_REFERENCE,Complete display font v1.3 source/provenance/previews.,GalacticGunners.zip,GalacticGunners/assets/fonts/GalacticGunnersDisplay_v1.3_PRODUCTION_COMPLETE/GalacticGunnersDisplay_v1.3_PRODUCTION/SOURCE/NORMALIZED_GLYPHS_MASK/L.png,498577CB80B356EDEDBCFDCB295F3C91EDEBD3E8E24C86F6799771897C870BAA,Founder Michael Leese / Inceptivec supplied project estate,"Founder selection, direction, supply and admission for Galactic Gunners project baseline.",NONE DECLARED IN SUPPLIED BASELINE,Founder project authority; commercial-use clearance classified for active production assets by this baseline.,assets/source_evidence/fonts/display_v1.3/source_package/OWNERSHIP_DECLARATION.md,REFERENCE_ONLY,No byte transformation performed during canonical placement; path/filename normalization only where recorded.
GG-EVIDENCE-SOURCE-EVIDENCE-FONTS-DISPLAY-V1-3-SOURCE-PACKAGE-SOURCE-NORMALIZED-GLYPHS-MASK-M,FOUNDER_SUPPLIED_SOURCE_REFERENCE,Complete display font v1.3 source/provenance/previews.,GalacticGunners.zip,GalacticGunners/assets/fonts/GalacticGunnersDisplay_v1.3_PRODUCTION_COMPLETE/GalacticGunnersDisplay_v1.3_PRODUCTION/SOURCE/NORMALIZED_GLYPHS_MASK/M.png,7CC5EBE61AD3EFF0CAEC53E6CAAC16EEECDC90CF60ABE14733F3C757DFC43C83,Founder Michael Leese / Inceptivec supplied project estate,"Founder selection, direction, supply and admission for Galactic Gunners project baseline.",NONE DECLARED IN SUPPLIED BASELINE,Founder project authority; commercial-use clearance classified for active production assets by this baseline.,assets/source_evidence/fonts/display_v1.3/source_package/OWNERSHIP_DECLARATION.md,REFERENCE_ONLY,No byte transformation performed during canonical placement; path/filename normalization only where recorded.
GG-EVIDENCE-SOURCE-EVIDENCE-FONTS-DISPLAY-V1-3-SOURCE-PACKAGE-SOURCE-NORMALIZED-GLYPHS-MASK-N,FOUNDER_SUPPLIED_SOURCE_REFERENCE,Complete display font v1.3 source/provenance/previews.,GalacticGunners.zip,GalacticGunners/assets/fonts/GalacticGunnersDisplay_v1.3_PRODUCTION_COMPLETE/GalacticGunnersDisplay_v1.3_PRODUCTION/SOURCE/NORMALIZED_GLYPHS_MASK/N.png,661BA31F5ED7C8E169722ADACFB8154A35476BB9C12824B8E23BE5CEDBA4DED9,Founder Michael Leese / Inceptivec supplied project estate,"Founder selection, direction, supply and admission for Galactic Gunners project baseline.",NONE DECLARED IN SUPPLIED BASELINE,Founder project authority; commercial-use clearance classified for active production assets by this baseline.,assets/source_evidence/fonts/display_v1.3/source_package/OWNERSHIP_DECLARATION.md,REFERENCE_ONLY,No byte transformation performed during canonical placement; path/filename normalization only where recorded.
GG-EVIDENCE-SOURCE-EVIDENCE-FONTS-DISPLAY-V1-3-SOURCE-PACKAGE-SOURCE-NORMALIZED-GLYPHS-MASK-O,FOUNDER_SUPPLIED_SOURCE_REFERENCE,Complete display font v1.3 source/provenance/previews.,GalacticGunners.zip,GalacticGunners/assets/fonts/GalacticGunnersDisplay_v1.3_PRODUCTION_COMPLETE/GalacticGunnersDisplay_v1.3_PRODUCTION/SOURCE/NORMALIZED_GLYPHS_MASK/O.png,4455D92F3630CE92ABC012CAB8D2399ACEA989E38D2772F1AB50E15EBC2EAED5,Founder Michael Leese / Inceptivec supplied project estate,"Founder selection, direction, supply and admission for Galactic Gunners project baseline.",NONE DECLARED IN SUPPLIED BASELINE,Founder project authority; commercial-use clearance classified for active production assets by this baseline.,assets/source_evidence/fonts/display_v1.3/source_package/OWNERSHIP_DECLARATION.md,REFERENCE_ONLY,No byte transformation performed during canonical placement; path/filename normalization only where recorded.
GG-EVIDENCE-SOURCE-EVIDENCE-FONTS-DISPLAY-V1-3-SOURCE-PACKAGE-SOURCE-NORMALIZED-GLYPHS-MASK-P,FOUNDER_SUPPLIED_SOURCE_REFERENCE,Complete display font v1.3 source/provenance/previews.,GalacticGunners.zip,GalacticGunners/assets/fonts/GalacticGunnersDisplay_v1.3_PRODUCTION_COMPLETE/GalacticGunnersDisplay_v1.3_PRODUCTION/SOURCE/NORMALIZED_GLYPHS_MASK/P.png,1F0E6A5A3D49599C241EE0A669AB1CE3C1CC61B2F0B5BB10AB2FBBF7C101B466,Founder Michael Leese / Inceptivec supplied project estate,"Founder selection, direction, supply and admission for Galactic Gunners project baseline.",NONE DECLARED IN SUPPLIED BASELINE,Founder project authority; commercial-use clearance classified for active production assets by this baseline.,assets/source_evidence/fonts/display_v1.3/source_package/OWNERSHIP_DECLARATION.md,REFERENCE_ONLY,No byte transformation performed during canonical placement; path/filename normalization only where recorded.
GG-EVIDENCE-SOURCE-EVIDENCE-FONTS-DISPLAY-V1-3-SOURCE-PACKAGE-SOURCE-NORMALIZED-GLYPHS-MASK-Q,FOUNDER_SUPPLIED_SOURCE_REFERENCE,Complete display font v1.3 source/provenance/previews.,GalacticGunners.zip,GalacticGunners/assets/fonts/GalacticGunnersDisplay_v1.3_PRODUCTION_COMPLETE/GalacticGunnersDisplay_v1.3_PRODUCTION/SOURCE/NORMALIZED_GLYPHS_MASK/Q.png,82777254140A3936B7978E63E108F1B288A4F94FFF9AB84E61F1ACD57EE9FF27,Founder Michael Leese / Inceptivec supplied project estate,"Founder selection, direction, supply and admission for Galactic Gunners project baseline.",NONE DECLARED IN SUPPLIED BASELINE,Founder project authority; commercial-use clearance classified for active production assets by this baseline.,assets/source_evidence/fonts/display_v1.3/source_package/OWNERSHIP_DECLARATION.md,REFERENCE_ONLY,No byte transformation performed during canonical placement; path/filename normalization only where recorded.
GG-EVIDENCE-SOURCE-EVIDENCE-FONTS-DISPLAY-V1-3-SOURCE-PACKAGE-SOURCE-NORMALIZED-GLYPHS-MASK-R,FOUNDER_SUPPLIED_SOURCE_REFERENCE,Complete display font v1.3 source/provenance/previews.,GalacticGunners.zip,GalacticGunners/assets/fonts/GalacticGunnersDisplay_v1.3_PRODUCTION_COMPLETE/GalacticGunnersDisplay_v1.3_PRODUCTION/SOURCE/NORMALIZED_GLYPHS_MASK/R.png,A51C3922D7039D09E162E0B8CF49A1DFD7BBC148BCE30FB0A2C0262CA62E3EB3,Founder Michael Leese / Inceptivec supplied project estate,"Founder selection, direction, supply and admission for Galactic Gunners project baseline.",NONE DECLARED IN SUPPLIED BASELINE,Founder project authority; commercial-use clearance classified for active production assets by this baseline.,assets/source_evidence/fonts/display_v1.3/source_package/OWNERSHIP_DECLARATION.md,REFERENCE_ONLY,No byte transformation performed during canonical placement; path/filename normalization only where recorded.
GG-EVIDENCE-SOURCE-EVIDENCE-FONTS-DISPLAY-V1-3-SOURCE-PACKAGE-SOURCE-NORMALIZED-GLYPHS-MASK-S,FOUNDER_SUPPLIED_SOURCE_REFERENCE,Complete display font v1.3 source/provenance/previews.,GalacticGunners.zip,GalacticGunners/assets/fonts/GalacticGunnersDisplay_v1.3_PRODUCTION_COMPLETE/GalacticGunnersDisplay_v1.3_PRODUCTION/SOURCE/NORMALIZED_GLYPHS_MASK/S.png,DC239D212240E2D4DAE2283B3EB9F2D7A5641D3BAEBF0E03CD5BD7E84B0586AD,Founder Michael Leese / Inceptivec supplied project estate,"Founder selection, direction, supply and admission for Galactic Gunners project baseline.",NONE DECLARED IN SUPPLIED BASELINE,Founder project authority; commercial-use clearance classified for active production assets by this baseline.,assets/source_evidence/fonts/display_v1.3/source_package/OWNERSHIP_DECLARATION.md,REFERENCE_ONLY,No byte transformation performed during canonical placement; path/filename normalization only where recorded.
GG-EVIDENCE-SOURCE-EVIDENCE-FONTS-DISPLAY-V1-3-SOURCE-PACKAGE-SOURCE-NORMALIZED-GLYPHS-MASK-T,FOUNDER_SUPPLIED_SOURCE_REFERENCE,Complete display font v1.3 source/provenance/previews.,GalacticGunners.zip,GalacticGunners/assets/fonts/GalacticGunnersDisplay_v1.3_PRODUCTION_COMPLETE/GalacticGunnersDisplay_v1.3_PRODUCTION/SOURCE/NORMALIZED_GLYPHS_MASK/T.png,776CAAD1DEF1B88028528ABD4DC58DB8651786AFF7699D2077B2EB5451D54172,Founder Michael Leese / Inceptivec supplied project estate,"Founder selection, direction, supply and admission for Galactic Gunners project baseline.",NONE DECLARED IN SUPPLIED BASELINE,Founder project authority; commercial-use clearance classified for active production assets by this baseline.,assets/source_evidence/fonts/display_v1.3/source_package/OWNERSHIP_DECLARATION.md,REFERENCE_ONLY,No byte transformation performed during canonical placement; path/filename normalization only where recorded.
GG-EVIDENCE-SOURCE-EVIDENCE-FONTS-DISPLAY-V1-3-SOURCE-PACKAGE-SOURCE-NORMALIZED-GLYPHS-MASK-U,FOUNDER_SUPPLIED_SOURCE_REFERENCE,Complete display font v1.3 source/provenance/previews.,GalacticGunners.zip,GalacticGunners/assets/fonts/GalacticGunnersDisplay_v1.3_PRODUCTION_COMPLETE/GalacticGunnersDisplay_v1.3_PRODUCTION/SOURCE/NORMALIZED_GLYPHS_MASK/U.png,37ABCDF856F72F2F74D342277728C86716189816ABADEF492ADC461ED3D1906A,Founder Michael Leese / Inceptivec supplied project estate,"Founder selection, direction, supply and admission for Galactic Gunners project baseline.",NONE DECLARED IN SUPPLIED BASELINE,Founder project authority; commercial-use clearance classified for active production assets by this baseline.,assets/source_evidence/fonts/display_v1.3/source_package/OWNERSHIP_DECLARATION.md,REFERENCE_ONLY,No byte transformation performed during canonical placement; path/filename normalization only where recorded.
GG-EVIDENCE-SOURCE-EVIDENCE-FONTS-DISPLAY-V1-3-SOURCE-PACKAGE-SOURCE-NORMALIZED-GLYPHS-MASK-V,FOUNDER_SUPPLIED_SOURCE_REFERENCE,Complete display font v1.3 source/provenance/previews.,GalacticGunners.zip,GalacticGunners/assets/fonts/GalacticGunnersDisplay_v1.3_PRODUCTION_COMPLETE/GalacticGunnersDisplay_v1.3_PRODUCTION/SOURCE/NORMALIZED_GLYPHS_MASK/V.png,92F8135BB4B60409569322DB4CA62E83642FE28F637EC820931A43AB7DAEE8AE,Founder Michael Leese / Inceptivec supplied project estate,"Founder selection, direction, supply and admission for Galactic Gunners project baseline.",NONE DECLARED IN SUPPLIED BASELINE,Founder project authority; commercial-use clearance classified for active production assets by this baseline.,assets/source_evidence/fonts/display_v1.3/source_package/OWNERSHIP_DECLARATION.md,REFERENCE_ONLY,No byte transformation performed during canonical placement; path/filename normalization only where recorded.
GG-EVIDENCE-SOURCE-EVIDENCE-FONTS-DISPLAY-V1-3-SOURCE-PACKAGE-SOURCE-NORMALIZED-GLYPHS-MASK-W,FOUNDER_SUPPLIED_SOURCE_REFERENCE,Complete display font v1.3 source/provenance/previews.,GalacticGunners.zip,GalacticGunners/assets/fonts/GalacticGunnersDisplay_v1.3_PRODUCTION_COMPLETE/GalacticGunnersDisplay_v1.3_PRODUCTION/SOURCE/NORMALIZED_GLYPHS_MASK/W.png,53B759FA19273F3B9483DFD3EAFDFAE8F5A0E4FF3EF3A6297827E5E1C5168B4A,Founder Michael Leese / Inceptivec supplied project estate,"Founder selection, direction, supply and admission for Galactic Gunners project baseline.",NONE DECLARED IN SUPPLIED BASELINE,Founder project authority; commercial-use clearance classified for active production assets by this baseline.,assets/source_evidence/fonts/display_v1.3/source_package/OWNERSHIP_DECLARATION.md,REFERENCE_ONLY,No byte transformation performed during canonical placement; path/filename normalization only where recorded.
GG-EVIDENCE-SOURCE-EVIDENCE-FONTS-DISPLAY-V1-3-SOURCE-PACKAGE-SOURCE-NORMALIZED-GLYPHS-MASK-X,FOUNDER_SUPPLIED_SOURCE_REFERENCE,Complete display font v1.3 source/provenance/previews.,GalacticGunners.zip,GalacticGunners/assets/fonts/GalacticGunnersDisplay_v1.3_PRODUCTION_COMPLETE/GalacticGunnersDisplay_v1.3_PRODUCTION/SOURCE/NORMALIZED_GLYPHS_MASK/X.png,F2B0490B482D62A4837C7851676FF1C6F534E7A8A1B70010198B03FD4098D9FE,Founder Michael Leese / Inceptivec supplied project estate,"Founder selection, direction, supply and admission for Galactic Gunners project baseline.",NONE DECLARED IN SUPPLIED BASELINE,Founder project authority; commercial-use clearance classified for active production assets by this baseline.,assets/source_evidence/fonts/display_v1.3/source_package/OWNERSHIP_DECLARATION.md,REFERENCE_ONLY,No byte transformation performed during canonical placement; path/filename normalization only where recorded.
GG-EVIDENCE-SOURCE-EVIDENCE-FONTS-DISPLAY-V1-3-SOURCE-PACKAGE-SOURCE-NORMALIZED-GLYPHS-MASK-Y,FOUNDER_SUPPLIED_SOURCE_REFERENCE,Complete display font v1.3 source/provenance/previews.,GalacticGunners.zip,GalacticGunners/assets/fonts/GalacticGunnersDisplay_v1.3_PRODUCTION_COMPLETE/GalacticGunnersDisplay_v1.3_PRODUCTION/SOURCE/NORMALIZED_GLYPHS_MASK/Y.png,04A1FB5D18591C6F251166807D5F63BDF4A48D1B0D734A5D2246AD0576B10A36,Founder Michael Leese / Inceptivec supplied project estate,"Founder selection, direction, supply and admission for Galactic Gunners project baseline.",NONE DECLARED IN SUPPLIED BASELINE,Founder project authority; commercial-use clearance classified for active production assets by this baseline.,assets/source_evidence/fonts/display_v1.3/source_package/OWNERSHIP_DECLARATION.md,REFERENCE_ONLY,No byte transformation performed during canonical placement; path/filename normalization only where recorded.
GG-EVIDENCE-SOURCE-EVIDENCE-FONTS-DISPLAY-V1-3-SOURCE-PACKAGE-SOURCE-NORMALIZED-GLYPHS-MASK-Z,FOUNDER_SUPPLIED_SOURCE_REFERENCE,Complete display font v1.3 source/provenance/previews.,GalacticGunners.zip,GalacticGunners/assets/fonts/GalacticGunnersDisplay_v1.3_PRODUCTION_COMPLETE/GalacticGunnersDisplay_v1.3_PRODUCTION/SOURCE/NORMALIZED_GLYPHS_MASK/Z.png,9F21C4F54B6B8F9315CCAE0139F079C7F828EE2E780499D5B007C6C8C14FC099,Founder Michael Leese / Inceptivec supplied project estate,"Founder selection, direction, supply and admission for Galactic Gunners project baseline.",NONE DECLARED IN SUPPLIED BASELINE,Founder project authority; commercial-use clearance classified for active production assets by this baseline.,assets/source_evidence/fonts/display_v1.3/source_package/OWNERSHIP_DECLARATION.md,REFERENCE_ONLY,No byte transformation performed during canonical placement; path/filename normalization only where recorded.
GG-EVIDENCE-SOURCE-EVIDENCE-FONTS-DISPLAY-V1-3-SOURCE-PACKAGE-SOURCE-NORMALIZED-GLYPHS-RGBA-0,FOUNDER_SUPPLIED_SOURCE_REFERENCE,Complete display font v1.3 source/provenance/previews.,GalacticGunners.zip,GalacticGunners/assets/fonts/GalacticGunnersDisplay_v1.3_PRODUCTION_COMPLETE/GalacticGunnersDisplay_v1.3_PRODUCTION/SOURCE/NORMALIZED_GLYPHS_RGBA/0.png,FA6548D090009C7D57B8547E77276B1AD50D0885E36638E962179122B9DA1E77,Founder Michael Leese / Inceptivec supplied project estate,"Founder selection, direction, supply and admission for Galactic Gunners project baseline.",NONE DECLARED IN SUPPLIED BASELINE,Founder project authority; commercial-use clearance classified for active production assets by this baseline.,assets/source_evidence/fonts/display_v1.3/source_package/OWNERSHIP_DECLARATION.md,REFERENCE_ONLY,No byte transformation performed during canonical placement; path/filename normalization only where recorded.
GG-EVIDENCE-SOURCE-EVIDENCE-FONTS-DISPLAY-V1-3-SOURCE-PACKAGE-SOURCE-NORMALIZED-GLYPHS-RGBA-1,FOUNDER_SUPPLIED_SOURCE_REFERENCE,Complete display font v1.3 source/provenance/previews.,GalacticGunners.zip,GalacticGunners/assets/fonts/GalacticGunnersDisplay_v1.3_PRODUCTION_COMPLETE/GalacticGunnersDisplay_v1.3_PRODUCTION/SOURCE/NORMALIZED_GLYPHS_RGBA/1.png,D046C2FB9AE68A56A7A8251BE41F25761EF6748347055005D5269074512C7372,Founder Michael Leese / Inceptivec supplied project estate,"Founder selection, direction, supply and admission for Galactic Gunners project baseline.",NONE DECLARED IN SUPPLIED BASELINE,Founder project authority; commercial-use clearance classified for active production assets by this baseline.,assets/source_evidence/fonts/display_v1.3/source_package/OWNERSHIP_DECLARATION.md,REFERENCE_ONLY,No byte transformation performed during canonical placement; path/filename normalization only where recorded.
GG-EVIDENCE-SOURCE-EVIDENCE-FONTS-DISPLAY-V1-3-SOURCE-PACKAGE-SOURCE-NORMALIZED-GLYPHS-RGBA-2,FOUNDER_SUPPLIED_SOURCE_REFERENCE,Complete display font v1.3 source/provenance/previews.,GalacticGunners.zip,GalacticGunners/assets/fonts/GalacticGunnersDisplay_v1.3_PRODUCTION_COMPLETE/GalacticGunnersDisplay_v1.3_PRODUCTION/SOURCE/NORMALIZED_GLYPHS_RGBA/2.png,B018346EF0E1C8DAA951ACEE32CD561CC785F6DB2066CCF87916456C6400B099,Founder Michael Leese / Inceptivec supplied project estate,"Founder selection, direction, supply and admission for Galactic Gunners project baseline.",NONE DECLARED IN SUPPLIED BASELINE,Founder project authority; commercial-use clearance classified for active production assets by this baseline.,assets/source_evidence/fonts/display_v1.3/source_package/OWNERSHIP_DECLARATION.md,REFERENCE_ONLY,No byte transformation performed during canonical placement; path/filename normalization only where recorded.
GG-EVIDENCE-SOURCE-EVIDENCE-FONTS-DISPLAY-V1-3-SOURCE-PACKAGE-SOURCE-NORMALIZED-GLYPHS-RGBA-3,FOUNDER_SUPPLIED_SOURCE_REFERENCE,Complete display font v1.3 source/provenance/previews.,GalacticGunners.zip,GalacticGunners/assets/fonts/GalacticGunnersDisplay_v1.3_PRODUCTION_COMPLETE/GalacticGunnersDisplay_v1.3_PRODUCTION/SOURCE/NORMALIZED_GLYPHS_RGBA/3.png,CA89D6772BDE1F4F22B5A61BC3E5E60B6CE021644237B8BD44570E8D06F95C64,Founder Michael Leese / Inceptivec supplied project estate,"Founder selection, direction, supply and admission for Galactic Gunners project baseline.",NONE DECLARED IN SUPPLIED BASELINE,Founder project authority; commercial-use clearance classified for active production assets by this baseline.,assets/source_evidence/fonts/display_v1.3/source_package/OWNERSHIP_DECLARATION.md,REFERENCE_ONLY,No byte transformation performed during canonical placement; path/filename normalization only where recorded.
GG-EVIDENCE-SOURCE-EVIDENCE-FONTS-DISPLAY-V1-3-SOURCE-PACKAGE-SOURCE-NORMALIZED-GLYPHS-RGBA-4,FOUNDER_SUPPLIED_SOURCE_REFERENCE,Complete display font v1.3 source/provenance/previews.,GalacticGunners.zip,GalacticGunners/assets/fonts/GalacticGunnersDisplay_v1.3_PRODUCTION_COMPLETE/GalacticGunnersDisplay_v1.3_PRODUCTION/SOURCE/NORMALIZED_GLYPHS_RGBA/4.png,2C329E4EA6E160554FC4A7150A9880933B9CF65757ABCE669C0EADEF1E9B15BF,Founder Michael Leese / Inceptivec supplied project estate,"Founder selection, direction, supply and admission for Galactic Gunners project baseline.",NONE DECLARED IN SUPPLIED BASELINE,Founder project authority; commercial-use clearance classified for active production assets by this baseline.,assets/source_evidence/fonts/display_v1.3/source_package/OWNERSHIP_DECLARATION.md,REFERENCE_ONLY,No byte transformation performed during canonical placement; path/filename normalization only where recorded.
GG-EVIDENCE-SOURCE-EVIDENCE-FONTS-DISPLAY-V1-3-SOURCE-PACKAGE-SOURCE-NORMALIZED-GLYPHS-RGBA-5,FOUNDER_SUPPLIED_SOURCE_REFERENCE,Complete display font v1.3 source/provenance/previews.,GalacticGunners.zip,GalacticGunners/assets/fonts/GalacticGunnersDisplay_v1.3_PRODUCTION_COMPLETE/GalacticGunnersDisplay_v1.3_PRODUCTION/SOURCE/NORMALIZED_GLYPHS_RGBA/5.png,1E8CE2D4B774BE083A81420A7ADBE232C8D19B21C8DDFAEAD7C69A2F31444DD1,Founder Michael Leese / Inceptivec supplied project estate,"Founder selection, direction, supply and admission for Galactic Gunners project baseline.",NONE DECLARED IN SUPPLIED BASELINE,Founder project authority; commercial-use clearance classified for active production assets by this baseline.,assets/source_evidence/fonts/display_v1.3/source_package/OWNERSHIP_DECLARATION.md,REFERENCE_ONLY,No byte transformation performed during canonical placement; path/filename normalization only where recorded.
GG-EVIDENCE-SOURCE-EVIDENCE-FONTS-DISPLAY-V1-3-SOURCE-PACKAGE-SOURCE-NORMALIZED-GLYPHS-RGBA-6,FOUNDER_SUPPLIED_SOURCE_REFERENCE,Complete display font v1.3 source/provenance/previews.,GalacticGunners.zip,GalacticGunners/assets/fonts/GalacticGunnersDisplay_v1.3_PRODUCTION_COMPLETE/GalacticGunnersDisplay_v1.3_PRODUCTION/SOURCE/NORMALIZED_GLYPHS_RGBA/6.png,D9AEA97DB1A219B4A1CC85D4BEC65B76D7D9E8507978FEDA54A9B874ADCE7678,Founder Michael Leese / Inceptivec supplied project estate,"Founder selection, direction, supply and admission for Galactic Gunners project baseline.",NONE DECLARED IN SUPPLIED BASELINE,Founder project authority; commercial-use clearance classified for active production assets by this baseline.,assets/source_evidence/fonts/display_v1.3/source_package/OWNERSHIP_DECLARATION.md,REFERENCE_ONLY,No byte transformation performed during canonical placement; path/filename normalization only where recorded.
GG-EVIDENCE-SOURCE-EVIDENCE-FONTS-DISPLAY-V1-3-SOURCE-PACKAGE-SOURCE-NORMALIZED-GLYPHS-RGBA-7,FOUNDER_SUPPLIED_SOURCE_REFERENCE,Complete display font v1.3 source/provenance/previews.,GalacticGunners.zip,GalacticGunners/assets/fonts/GalacticGunnersDisplay_v1.3_PRODUCTION_COMPLETE/GalacticGunnersDisplay_v1.3_PRODUCTION/SOURCE/NORMALIZED_GLYPHS_RGBA/7.png,FB8ABC162634EBDBCCD85F82C01ACF2297422596998E9E70D57594A8BF15153E,Founder Michael Leese / Inceptivec supplied project estate,"Founder selection, direction, supply and admission for Galactic Gunners project baseline.",NONE DECLARED IN SUPPLIED BASELINE,Founder project authority; commercial-use clearance classified for active production assets by this baseline.,assets/source_evidence/fonts/display_v1.3/source_package/OWNERSHIP_DECLARATION.md,REFERENCE_ONLY,No byte transformation performed during canonical placement; path/filename normalization only where recorded.
GG-EVIDENCE-SOURCE-EVIDENCE-FONTS-DISPLAY-V1-3-SOURCE-PACKAGE-SOURCE-NORMALIZED-GLYPHS-RGBA-8,FOUNDER_SUPPLIED_SOURCE_REFERENCE,Complete display font v1.3 source/provenance/previews.,GalacticGunners.zip,GalacticGunners/assets/fonts/GalacticGunnersDisplay_v1.3_PRODUCTION_COMPLETE/GalacticGunnersDisplay_v1.3_PRODUCTION/SOURCE/NORMALIZED_GLYPHS_RGBA/8.png,C4F695B3C95FAF553D8C4B4402AB01AA2BB03C082C2401A37673FE60C755D9F9,Founder Michael Leese / Inceptivec supplied project estate,"Founder selection, direction, supply and admission for Galactic Gunners project baseline.",NONE DECLARED IN SUPPLIED BASELINE,Founder project authority; commercial-use clearance classified for active production assets by this baseline.,assets/source_evidence/fonts/display_v1.3/source_package/OWNERSHIP_DECLARATION.md,REFERENCE_ONLY,No byte transformation performed during canonical placement; path/filename normalization only where recorded.
GG-EVIDENCE-SOURCE-EVIDENCE-FONTS-DISPLAY-V1-3-SOURCE-PACKAGE-SOURCE-NORMALIZED-GLYPHS-RGBA-9,FOUNDER_SUPPLIED_SOURCE_REFERENCE,Complete display font v1.3 source/provenance/previews.,GalacticGunners.zip,GalacticGunners/assets/fonts/GalacticGunnersDisplay_v1.3_PRODUCTION_COMPLETE/GalacticGunnersDisplay_v1.3_PRODUCTION/SOURCE/NORMALIZED_GLYPHS_RGBA/9.png,A1F21D15F05E8CA865A5C3CE0343D4F552926F838172605CBA6DF7F33A83FFBE,Founder Michael Leese / Inceptivec supplied project estate,"Founder selection, direction, supply and admission for Galactic Gunners project baseline.",NONE DECLARED IN SUPPLIED BASELINE,Founder project authority; commercial-use clearance classified for active production assets by this baseline.,assets/source_evidence/fonts/display_v1.3/source_package/OWNERSHIP_DECLARATION.md,REFERENCE_ONLY,No byte transformation performed during canonical placement; path/filename normalization only where recorded.
GG-EVIDENCE-SOURCE-EVIDENCE-FONTS-DISPLAY-V1-3-SOURCE-PACKAGE-SOURCE-NORMALIZED-GLYPHS-RGBA-A,FOUNDER_SUPPLIED_SOURCE_REFERENCE,Complete display font v1.3 source/provenance/previews.,GalacticGunners.zip,GalacticGunners/assets/fonts/GalacticGunnersDisplay_v1.3_PRODUCTION_COMPLETE/GalacticGunnersDisplay_v1.3_PRODUCTION/SOURCE/NORMALIZED_GLYPHS_RGBA/A.png,800ADB8740884CAEDC4A3023F7E8A38417FBC7C39A2C37F2AF830E855BE4D6E1,Founder Michael Leese / Inceptivec supplied project estate,"Founder selection, direction, supply and admission for Galactic Gunners project baseline.",NONE DECLARED IN SUPPLIED BASELINE,Founder project authority; commercial-use clearance classified for active production assets by this baseline.,assets/source_evidence/fonts/display_v1.3/source_package/OWNERSHIP_DECLARATION.md,REFERENCE_ONLY,No byte transformation performed during canonical placement; path/filename normalization only where recorded.
GG-EVIDENCE-SOURCE-EVIDENCE-FONTS-DISPLAY-V1-3-SOURCE-PACKAGE-SOURCE-NORMALIZED-GLYPHS-RGBA-B,FOUNDER_SUPPLIED_SOURCE_REFERENCE,Complete display font v1.3 source/provenance/previews.,GalacticGunners.zip,GalacticGunners/assets/fonts/GalacticGunnersDisplay_v1.3_PRODUCTION_COMPLETE/GalacticGunnersDisplay_v1.3_PRODUCTION/SOURCE/NORMALIZED_GLYPHS_RGBA/B.png,38E245F07906445B6C17B389151CFFEFA5139FAB6FD926C8E72635F97DC21B80,Founder Michael Leese / Inceptivec supplied project estate,"Founder selection, direction, supply and admission for Galactic Gunners project baseline.",NONE DECLARED IN SUPPLIED BASELINE,Founder project authority; commercial-use clearance classified for active production assets by this baseline.,assets/source_evidence/fonts/display_v1.3/source_package/OWNERSHIP_DECLARATION.md,REFERENCE_ONLY,No byte transformation performed during canonical placement; path/filename normalization only where recorded.
GG-EVIDENCE-SOURCE-EVIDENCE-FONTS-DISPLAY-V1-3-SOURCE-PACKAGE-SOURCE-NORMALIZED-GLYPHS-RGBA-C,FOUNDER_SUPPLIED_SOURCE_REFERENCE,Complete display font v1.3 source/provenance/previews.,GalacticGunners.zip,GalacticGunners/assets/fonts/GalacticGunnersDisplay_v1.3_PRODUCTION_COMPLETE/GalacticGunnersDisplay_v1.3_PRODUCTION/SOURCE/NORMALIZED_GLYPHS_RGBA/C.png,3DDC2BE19159D68745D1211B6CCBED19AEB11893236E1010EA2BE32D3F8264DA,Founder Michael Leese / Inceptivec supplied project estate,"Founder selection, direction, supply and admission for Galactic Gunners project baseline.",NONE DECLARED IN SUPPLIED BASELINE,Founder project authority; commercial-use clearance classified for active production assets by this baseline.,assets/source_evidence/fonts/display_v1.3/source_package/OWNERSHIP_DECLARATION.md,REFERENCE_ONLY,No byte transformation performed during canonical placement; path/filename normalization only where recorded.
GG-EVIDENCE-SOURCE-EVIDENCE-FONTS-DISPLAY-V1-3-SOURCE-PACKAGE-SOURCE-NORMALIZED-GLYPHS-RGBA-D,FOUNDER_SUPPLIED_SOURCE_REFERENCE,Complete display font v1.3 source/provenance/previews.,GalacticGunners.zip,GalacticGunners/assets/fonts/GalacticGunnersDisplay_v1.3_PRODUCTION_COMPLETE/GalacticGunnersDisplay_v1.3_PRODUCTION/SOURCE/NORMALIZED_GLYPHS_RGBA/D.png,AD1910ACC7566BACA201AD0912EFEE8BA240B2DF2D9F363ACA5F000311D0BB26,Founder Michael Leese / Inceptivec supplied project estate,"Founder selection, direction, supply and admission for Galactic Gunners project baseline.",NONE DECLARED IN SUPPLIED BASELINE,Founder project authority; commercial-use clearance classified for active production assets by this baseline.,assets/source_evidence/fonts/display_v1.3/source_package/OWNERSHIP_DECLARATION.md,REFERENCE_ONLY,No byte transformation performed during canonical placement; path/filename normalization only where recorded.
GG-EVIDENCE-SOURCE-EVIDENCE-FONTS-DISPLAY-V1-3-SOURCE-PACKAGE-SOURCE-NORMALIZED-GLYPHS-RGBA-E,FOUNDER_SUPPLIED_SOURCE_REFERENCE,Complete display font v1.3 source/provenance/previews.,GalacticGunners.zip,GalacticGunners/assets/fonts/GalacticGunnersDisplay_v1.3_PRODUCTION_COMPLETE/GalacticGunnersDisplay_v1.3_PRODUCTION/SOURCE/NORMALIZED_GLYPHS_RGBA/E.png,8854AB037E9E79B572560713F94676EBE6FF583CCB6ECFD5A0010DB26DD08D56,Founder Michael Leese / Inceptivec supplied project estate,"Founder selection, direction, supply and admission for Galactic Gunners project baseline.",NONE DECLARED IN SUPPLIED BASELINE,Founder project authority; commercial-use clearance classified for active production assets by this baseline.,assets/source_evidence/fonts/display_v1.3/source_package/OWNERSHIP_DECLARATION.md,REFERENCE_ONLY,No byte transformation performed during canonical placement; path/filename normalization only where recorded.
GG-EVIDENCE-SOURCE-EVIDENCE-FONTS-DISPLAY-V1-3-SOURCE-PACKAGE-SOURCE-NORMALIZED-GLYPHS-RGBA-F,FOUNDER_SUPPLIED_SOURCE_REFERENCE,Complete display font v1.3 source/provenance/previews.,GalacticGunners.zip,GalacticGunners/assets/fonts/GalacticGunnersDisplay_v1.3_PRODUCTION_COMPLETE/GalacticGunnersDisplay_v1.3_PRODUCTION/SOURCE/NORMALIZED_GLYPHS_RGBA/F.png,88F8292069172C7E619A173F014F0E114129954CBFF2927755853D05E49DEA7C,Founder Michael Leese / Inceptivec supplied project estate,"Founder selection, direction, supply and admission for Galactic Gunners project baseline.",NONE DECLARED IN SUPPLIED BASELINE,Founder project authority; commercial-use clearance classified for active production assets by this baseline.,assets/source_evidence/fonts/display_v1.3/source_package/OWNERSHIP_DECLARATION.md,REFERENCE_ONLY,No byte transformation performed during canonical placement; path/filename normalization only where recorded.
GG-EVIDENCE-SOURCE-EVIDENCE-FONTS-DISPLAY-V1-3-SOURCE-PACKAGE-SOURCE-NORMALIZED-GLYPHS-RGBA-G,FOUNDER_SUPPLIED_SOURCE_REFERENCE,Complete display font v1.3 source/provenance/previews.,GalacticGunners.zip,GalacticGunners/assets/fonts/GalacticGunnersDisplay_v1.3_PRODUCTION_COMPLETE/GalacticGunnersDisplay_v1.3_PRODUCTION/SOURCE/NORMALIZED_GLYPHS_RGBA/G.png,94661DD5DC1CEE04B4BAB123A2E8225640D3A13E2590B06B82B302B4D030F8F3,Founder Michael Leese / Inceptivec supplied project estate,"Founder selection, direction, supply and admission for Galactic Gunners project baseline.",NONE DECLARED IN SUPPLIED BASELINE,Founder project authority; commercial-use clearance classified for active production assets by this baseline.,assets/source_evidence/fonts/display_v1.3/source_package/OWNERSHIP_DECLARATION.md,REFERENCE_ONLY,No byte transformation performed during canonical placement; path/filename normalization only where recorded.
GG-EVIDENCE-SOURCE-EVIDENCE-FONTS-DISPLAY-V1-3-SOURCE-PACKAGE-SOURCE-NORMALIZED-GLYPHS-RGBA-H,FOUNDER_SUPPLIED_SOURCE_REFERENCE,Complete display font v1.3 source/provenance/previews.,GalacticGunners.zip,GalacticGunners/assets/fonts/GalacticGunnersDisplay_v1.3_PRODUCTION_COMPLETE/GalacticGunnersDisplay_v1.3_PRODUCTION/SOURCE/NORMALIZED_GLYPHS_RGBA/H.png,DA510B780BECA3CA484EE9F6B9C3B289BB82E4D614077207387D5CDC00B6D8E8,Founder Michael Leese / Inceptivec supplied project estate,"Founder selection, direction, supply and admission for Galactic Gunners project baseline.",NONE DECLARED IN SUPPLIED BASELINE,Founder project authority; commercial-use clearance classified for active production assets by this baseline.,assets/source_evidence/fonts/display_v1.3/source_package/OWNERSHIP_DECLARATION.md,REFERENCE_ONLY,No byte transformation performed during canonical placement; path/filename normalization only where recorded.
GG-EVIDENCE-SOURCE-EVIDENCE-FONTS-DISPLAY-V1-3-SOURCE-PACKAGE-SOURCE-NORMALIZED-GLYPHS-RGBA-I,FOUNDER_SUPPLIED_SOURCE_REFERENCE,Complete display font v1.3 source/provenance/previews.,GalacticGunners.zip,GalacticGunners/assets/fonts/GalacticGunnersDisplay_v1.3_PRODUCTION_COMPLETE/GalacticGunnersDisplay_v1.3_PRODUCTION/SOURCE/NORMALIZED_GLYPHS_RGBA/I.png,20FF2A7627D240D11FDDAE29FC849FDA7903C1D7B6DF0324E61CD509CCB47D57,Founder Michael Leese / Inceptivec supplied project estate,"Founder selection, direction, supply and admission for Galactic Gunners project baseline.",NONE DECLARED IN SUPPLIED BASELINE,Founder project authority; commercial-use clearance classified for active production assets by this baseline.,assets/source_evidence/fonts/display_v1.3/source_package/OWNERSHIP_DECLARATION.md,REFERENCE_ONLY,No byte transformation performed during canonical placement; path/filename normalization only where recorded.
GG-EVIDENCE-SOURCE-EVIDENCE-FONTS-DISPLAY-V1-3-SOURCE-PACKAGE-SOURCE-NORMALIZED-GLYPHS-RGBA-J,FOUNDER_SUPPLIED_SOURCE_REFERENCE,Complete display font v1.3 source/provenance/previews.,GalacticGunners.zip,GalacticGunners/assets/fonts/GalacticGunnersDisplay_v1.3_PRODUCTION_COMPLETE/GalacticGunnersDisplay_v1.3_PRODUCTION/SOURCE/NORMALIZED_GLYPHS_RGBA/J.png,3BE54E89D7869BBFDD729CA4BFDCFC6C1F14F42E2ECD3E6639F02B35E1EE7A5B,Founder Michael Leese / Inceptivec supplied project estate,"Founder selection, direction, supply and admission for Galactic Gunners project baseline.",NONE DECLARED IN SUPPLIED BASELINE,Founder project authority; commercial-use clearance classified for active production assets by this baseline.,assets/source_evidence/fonts/display_v1.3/source_package/OWNERSHIP_DECLARATION.md,REFERENCE_ONLY,No byte transformation performed during canonical placement; path/filename normalization only where recorded.
GG-EVIDENCE-SOURCE-EVIDENCE-FONTS-DISPLAY-V1-3-SOURCE-PACKAGE-SOURCE-NORMALIZED-GLYPHS-RGBA-K,FOUNDER_SUPPLIED_SOURCE_REFERENCE,Complete display font v1.3 source/provenance/previews.,GalacticGunners.zip,GalacticGunners/assets/fonts/GalacticGunnersDisplay_v1.3_PRODUCTION_COMPLETE/GalacticGunnersDisplay_v1.3_PRODUCTION/SOURCE/NORMALIZED_GLYPHS_RGBA/K.png,77C9DEE58B3BE147BFCC5CA7D9D2BFC1191B7F62E7D0EB622C1D40D089E9FB1A,Founder Michael Leese / Inceptivec supplied project estate,"Founder selection, direction, supply and admission for Galactic Gunners project baseline.",NONE DECLARED IN SUPPLIED BASELINE,Founder project authority; commercial-use clearance classified for active production assets by this baseline.,assets/source_evidence/fonts/display_v1.3/source_package/OWNERSHIP_DECLARATION.md,REFERENCE_ONLY,No byte transformation performed during canonical placement; path/filename normalization only where recorded.
GG-EVIDENCE-SOURCE-EVIDENCE-FONTS-DISPLAY-V1-3-SOURCE-PACKAGE-SOURCE-NORMALIZED-GLYPHS-RGBA-L,FOUNDER_SUPPLIED_SOURCE_REFERENCE,Complete display font v1.3 source/provenance/previews.,GalacticGunners.zip,GalacticGunners/assets/fonts/GalacticGunnersDisplay_v1.3_PRODUCTION_COMPLETE/GalacticGunnersDisplay_v1.3_PRODUCTION/SOURCE/NORMALIZED_GLYPHS_RGBA/L.png,C0133C3555AE2D6B67DC37627FFECE4EF7E0E5E514065737826CD130EF616F3E,Founder Michael Leese / Inceptivec supplied project estate,"Founder selection, direction, supply and admission for Galactic Gunners project baseline.",NONE DECLARED IN SUPPLIED BASELINE,Founder project authority; commercial-use clearance classified for active production assets by this baseline.,assets/source_evidence/fonts/display_v1.3/source_package/OWNERSHIP_DECLARATION.md,REFERENCE_ONLY,No byte transformation performed during canonical placement; path/filename normalization only where recorded.
GG-EVIDENCE-SOURCE-EVIDENCE-FONTS-DISPLAY-V1-3-SOURCE-PACKAGE-SOURCE-NORMALIZED-GLYPHS-RGBA-M,FOUNDER_SUPPLIED_SOURCE_REFERENCE,Complete display font v1.3 source/provenance/previews.,GalacticGunners.zip,GalacticGunners/assets/fonts/GalacticGunnersDisplay_v1.3_PRODUCTION_COMPLETE/GalacticGunnersDisplay_v1.3_PRODUCTION/SOURCE/NORMALIZED_GLYPHS_RGBA/M.png,41ADEF2337A7B0993FF50688576B9480C260CD0B3D9FA3FC22FB6F897C49731A,Founder Michael Leese / Inceptivec supplied project estate,"Founder selection, direction, supply and admission for Galactic Gunners project baseline.",NONE DECLARED IN SUPPLIED BASELINE,Founder project authority; commercial-use clearance classified for active production assets by this baseline.,assets/source_evidence/fonts/display_v1.3/source_package/OWNERSHIP_DECLARATION.md,REFERENCE_ONLY,No byte transformation performed during canonical placement; path/filename normalization only where recorded.
GG-EVIDENCE-SOURCE-EVIDENCE-FONTS-DISPLAY-V1-3-SOURCE-PACKAGE-SOURCE-NORMALIZED-GLYPHS-RGBA-N,FOUNDER_SUPPLIED_SOURCE_REFERENCE,Complete display font v1.3 source/provenance/previews.,GalacticGunners.zip,GalacticGunners/assets/fonts/GalacticGunnersDisplay_v1.3_PRODUCTION_COMPLETE/GalacticGunnersDisplay_v1.3_PRODUCTION/SOURCE/NORMALIZED_GLYPHS_RGBA/N.png,54BC165270820BECDCEC65F36A2B379BF3DA9A289B3E5081BB9CBD54C5911598,Founder Michael Leese / Inceptivec supplied project estate,"Founder selection, direction, supply and admission for Galactic Gunners project baseline.",NONE DECLARED IN SUPPLIED BASELINE,Founder project authority; commercial-use clearance classified for active production assets by this baseline.,assets/source_evidence/fonts/display_v1.3/source_package/OWNERSHIP_DECLARATION.md,REFERENCE_ONLY,No byte transformation performed during canonical placement; path/filename normalization only where recorded.
GG-EVIDENCE-SOURCE-EVIDENCE-FONTS-DISPLAY-V1-3-SOURCE-PACKAGE-SOURCE-NORMALIZED-GLYPHS-RGBA-O,FOUNDER_SUPPLIED_SOURCE_REFERENCE,Complete display font v1.3 source/provenance/previews.,GalacticGunners.zip,GalacticGunners/assets/fonts/GalacticGunnersDisplay_v1.3_PRODUCTION_COMPLETE/GalacticGunnersDisplay_v1.3_PRODUCTION/SOURCE/NORMALIZED_GLYPHS_RGBA/O.png,D481F25C397858A96BF411AD00008E07CAD3D37C7FD28FD1A872396151E0E936,Founder Michael Leese / Inceptivec supplied project estate,"Founder selection, direction, supply and admission for Galactic Gunners project baseline.",NONE DECLARED IN SUPPLIED BASELINE,Founder project authority; commercial-use clearance classified for active production assets by this baseline.,assets/source_evidence/fonts/display_v1.3/source_package/OWNERSHIP_DECLARATION.md,REFERENCE_ONLY,No byte transformation performed during canonical placement; path/filename normalization only where recorded.
GG-EVIDENCE-SOURCE-EVIDENCE-FONTS-DISPLAY-V1-3-SOURCE-PACKAGE-SOURCE-NORMALIZED-GLYPHS-RGBA-P,FOUNDER_SUPPLIED_SOURCE_REFERENCE,Complete display font v1.3 source/provenance/previews.,GalacticGunners.zip,GalacticGunners/assets/fonts/GalacticGunnersDisplay_v1.3_PRODUCTION_COMPLETE/GalacticGunnersDisplay_v1.3_PRODUCTION/SOURCE/NORMALIZED_GLYPHS_RGBA/P.png,27E425C7930254D90B2AC7B67134AC95A171C9C4CC82E9C2BA14F0F730501F03,Founder Michael Leese / Inceptivec supplied project estate,"Founder selection, direction, supply and admission for Galactic Gunners project baseline.",NONE DECLARED IN SUPPLIED BASELINE,Founder project authority; commercial-use clearance classified for active production assets by this baseline.,assets/source_evidence/fonts/display_v1.3/source_package/OWNERSHIP_DECLARATION.md,REFERENCE_ONLY,No byte transformation performed during canonical placement; path/filename normalization only where recorded.
GG-EVIDENCE-SOURCE-EVIDENCE-FONTS-DISPLAY-V1-3-SOURCE-PACKAGE-SOURCE-NORMALIZED-GLYPHS-RGBA-Q,FOUNDER_SUPPLIED_SOURCE_REFERENCE,Complete display font v1.3 source/provenance/previews.,GalacticGunners.zip,GalacticGunners/assets/fonts/GalacticGunnersDisplay_v1.3_PRODUCTION_COMPLETE/GalacticGunnersDisplay_v1.3_PRODUCTION/SOURCE/NORMALIZED_GLYPHS_RGBA/Q.png,F86522C6B2B3B3FC88B521B578741FAC83CDA0610A3BC8EB57E28596BF98C7AF,Founder Michael Leese / Inceptivec supplied project estate,"Founder selection, direction, supply and admission for Galactic Gunners project baseline.",NONE DECLARED IN SUPPLIED BASELINE,Founder project authority; commercial-use clearance classified for active production assets by this baseline.,assets/source_evidence/fonts/display_v1.3/source_package/OWNERSHIP_DECLARATION.md,REFERENCE_ONLY,No byte transformation performed during canonical placement; path/filename normalization only where recorded.
GG-EVIDENCE-SOURCE-EVIDENCE-FONTS-DISPLAY-V1-3-SOURCE-PACKAGE-SOURCE-NORMALIZED-GLYPHS-RGBA-R,FOUNDER_SUPPLIED_SOURCE_REFERENCE,Complete display font v1.3 source/provenance/previews.,GalacticGunners.zip,GalacticGunners/assets/fonts/GalacticGunnersDisplay_v1.3_PRODUCTION_COMPLETE/GalacticGunnersDisplay_v1.3_PRODUCTION/SOURCE/NORMALIZED_GLYPHS_RGBA/R.png,CE593AD5FEAE8FB2315240CD368160C1FF46CD451DD81D65309245A9B3473503,Founder Michael Leese / Inceptivec supplied project estate,"Founder selection, direction, supply and admission for Galactic Gunners project baseline.",NONE DECLARED IN SUPPLIED BASELINE,Founder project authority; commercial-use clearance classified for active production assets by this baseline.,assets/source_evidence/fonts/display_v1.3/source_package/OWNERSHIP_DECLARATION.md,REFERENCE_ONLY,No byte transformation performed during canonical placement; path/filename normalization only where recorded.
GG-EVIDENCE-SOURCE-EVIDENCE-FONTS-DISPLAY-V1-3-SOURCE-PACKAGE-SOURCE-NORMALIZED-GLYPHS-RGBA-S,FOUNDER_SUPPLIED_SOURCE_REFERENCE,Complete display font v1.3 source/provenance/previews.,GalacticGunners.zip,GalacticGunners/assets/fonts/GalacticGunnersDisplay_v1.3_PRODUCTION_COMPLETE/GalacticGunnersDisplay_v1.3_PRODUCTION/SOURCE/NORMALIZED_GLYPHS_RGBA/S.png,304654E05BD5CF8F52701DCD84C31C00A6325802C6B7ACEF76B87968363C9779,Founder Michael Leese / Inceptivec supplied project estate,"Founder selection, direction, supply and admission for Galactic Gunners project baseline.",NONE DECLARED IN SUPPLIED BASELINE,Founder project authority; commercial-use clearance classified for active production assets by this baseline.,assets/source_evidence/fonts/display_v1.3/source_package/OWNERSHIP_DECLARATION.md,REFERENCE_ONLY,No byte transformation performed during canonical placement; path/filename normalization only where recorded.
GG-EVIDENCE-SOURCE-EVIDENCE-FONTS-DISPLAY-V1-3-SOURCE-PACKAGE-SOURCE-NORMALIZED-GLYPHS-RGBA-T,FOUNDER_SUPPLIED_SOURCE_REFERENCE,Complete display font v1.3 source/provenance/previews.,GalacticGunners.zip,GalacticGunners/assets/fonts/GalacticGunnersDisplay_v1.3_PRODUCTION_COMPLETE/GalacticGunnersDisplay_v1.3_PRODUCTION/SOURCE/NORMALIZED_GLYPHS_RGBA/T.png,8EF4379977BB3F536E7E710332DCF8CF9041A49076AB6F904F05BEB62791E72F,Founder Michael Leese / Inceptivec supplied project estate,"Founder selection, direction, supply and admission for Galactic Gunners project baseline.",NONE DECLARED IN SUPPLIED BASELINE,Founder project authority; commercial-use clearance classified for active production assets by this baseline.,assets/source_evidence/fonts/display_v1.3/source_package/OWNERSHIP_DECLARATION.md,REFERENCE_ONLY,No byte transformation performed during canonical placement; path/filename normalization only where recorded.
GG-EVIDENCE-SOURCE-EVIDENCE-FONTS-DISPLAY-V1-3-SOURCE-PACKAGE-SOURCE-NORMALIZED-GLYPHS-RGBA-U,FOUNDER_SUPPLIED_SOURCE_REFERENCE,Complete display font v1.3 source/provenance/previews.,GalacticGunners.zip,GalacticGunners/assets/fonts/GalacticGunnersDisplay_v1.3_PRODUCTION_COMPLETE/GalacticGunnersDisplay_v1.3_PRODUCTION/SOURCE/NORMALIZED_GLYPHS_RGBA/U.png,700EAD71CB5B748D73D616A40E2F88B93E41F8E76E2767B8EBF31A076359D6E8,Founder Michael Leese / Inceptivec supplied project estate,"Founder selection, direction, supply and admission for Galactic Gunners project baseline.",NONE DECLARED IN SUPPLIED BASELINE,Founder project authority; commercial-use clearance classified for active production assets by this baseline.,assets/source_evidence/fonts/display_v1.3/source_package/OWNERSHIP_DECLARATION.md,REFERENCE_ONLY,No byte transformation performed during canonical placement; path/filename normalization only where recorded.
GG-EVIDENCE-SOURCE-EVIDENCE-FONTS-DISPLAY-V1-3-SOURCE-PACKAGE-SOURCE-NORMALIZED-GLYPHS-RGBA-V,FOUNDER_SUPPLIED_SOURCE_REFERENCE,Complete display font v1.3 source/provenance/previews.,GalacticGunners.zip,GalacticGunners/assets/fonts/GalacticGunnersDisplay_v1.3_PRODUCTION_COMPLETE/GalacticGunnersDisplay_v1.3_PRODUCTION/SOURCE/NORMALIZED_GLYPHS_RGBA/V.png,1B933A0E29073D6A6CD39E83E858CE0F605C99E3DD6B5A0351A95F4AD5712993,Founder Michael Leese / Inceptivec supplied project estate,"Founder selection, direction, supply and admission for Galactic Gunners project baseline.",NONE DECLARED IN SUPPLIED BASELINE,Founder project authority; commercial-use clearance classified for active production assets by this baseline.,assets/source_evidence/fonts/display_v1.3/source_package/OWNERSHIP_DECLARATION.md,REFERENCE_ONLY,No byte transformation performed during canonical placement; path/filename normalization only where recorded.
GG-EVIDENCE-SOURCE-EVIDENCE-FONTS-DISPLAY-V1-3-SOURCE-PACKAGE-SOURCE-NORMALIZED-GLYPHS-RGBA-W,FOUNDER_SUPPLIED_SOURCE_REFERENCE,Complete display font v1.3 source/provenance/previews.,GalacticGunners.zip,GalacticGunners/assets/fonts/GalacticGunnersDisplay_v1.3_PRODUCTION_COMPLETE/GalacticGunnersDisplay_v1.3_PRODUCTION/SOURCE/NORMALIZED_GLYPHS_RGBA/W.png,8BFB99766B794982AF0315F91787359D4578E539ABB2726CF91F1B6E7E3C0B39,Founder Michael Leese / Inceptivec supplied project estate,"Founder selection, direction, supply and admission for Galactic Gunners project baseline.",NONE DECLARED IN SUPPLIED BASELINE,Founder project authority; commercial-use clearance classified for active production assets by this baseline.,assets/source_evidence/fonts/display_v1.3/source_package/OWNERSHIP_DECLARATION.md,REFERENCE_ONLY,No byte transformation performed during canonical placement; path/filename normalization only where recorded.
GG-EVIDENCE-SOURCE-EVIDENCE-FONTS-DISPLAY-V1-3-SOURCE-PACKAGE-SOURCE-NORMALIZED-GLYPHS-RGBA-X,FOUNDER_SUPPLIED_SOURCE_REFERENCE,Complete display font v1.3 source/provenance/previews.,GalacticGunners.zip,GalacticGunners/assets/fonts/GalacticGunnersDisplay_v1.3_PRODUCTION_COMPLETE/GalacticGunnersDisplay_v1.3_PRODUCTION/SOURCE/NORMALIZED_GLYPHS_RGBA/X.png,B7CC5190AA7461CB805DF9C1C1366F71CAAD1DEEE5011816393F6446B9B72DF5,Founder Michael Leese / Inceptivec supplied project estate,"Founder selection, direction, supply and admission for Galactic Gunners project baseline.",NONE DECLARED IN SUPPLIED BASELINE,Founder project authority; commercial-use clearance classified for active production assets by this baseline.,assets/source_evidence/fonts/display_v1.3/source_package/OWNERSHIP_DECLARATION.md,REFERENCE_ONLY,No byte transformation performed during canonical placement; path/filename normalization only where recorded.
GG-EVIDENCE-SOURCE-EVIDENCE-FONTS-DISPLAY-V1-3-SOURCE-PACKAGE-SOURCE-NORMALIZED-GLYPHS-RGBA-Y,FOUNDER_SUPPLIED_SOURCE_REFERENCE,Complete display font v1.3 source/provenance/previews.,GalacticGunners.zip,GalacticGunners/assets/fonts/GalacticGunnersDisplay_v1.3_PRODUCTION_COMPLETE/GalacticGunnersDisplay_v1.3_PRODUCTION/SOURCE/NORMALIZED_GLYPHS_RGBA/Y.png,485F79CD52846D9F05E25114EE4D7E95F78AF9343A98F8CC24BFA9E59FB6283A,Founder Michael Leese / Inceptivec supplied project estate,"Founder selection, direction, supply and admission for Galactic Gunners project baseline.",NONE DECLARED IN SUPPLIED BASELINE,Founder project authority; commercial-use clearance classified for active production assets by this baseline.,assets/source_evidence/fonts/display_v1.3/source_package/OWNERSHIP_DECLARATION.md,REFERENCE_ONLY,No byte transformation performed during canonical placement; path/filename normalization only where recorded.
GG-EVIDENCE-SOURCE-EVIDENCE-FONTS-DISPLAY-V1-3-SOURCE-PACKAGE-SOURCE-NORMALIZED-GLYPHS-RGBA-Z,FOUNDER_SUPPLIED_SOURCE_REFERENCE,Complete display font v1.3 source/provenance/previews.,GalacticGunners.zip,GalacticGunners/assets/fonts/GalacticGunnersDisplay_v1.3_PRODUCTION_COMPLETE/GalacticGunnersDisplay_v1.3_PRODUCTION/SOURCE/NORMALIZED_GLYPHS_RGBA/Z.png,F0D30B458D81B9B4A158A9722EF6E29F76D3DCCB65FF3174C17BE77F50EC3ED9,Founder Michael Leese / Inceptivec supplied project estate,"Founder selection, direction, supply and admission for Galactic Gunners project baseline.",NONE DECLARED IN SUPPLIED BASELINE,Founder project authority; commercial-use clearance classified for active production assets by this baseline.,assets/source_evidence/fonts/display_v1.3/source_package/OWNERSHIP_DECLARATION.md,REFERENCE_ONLY,No byte transformation performed during canonical placement; path/filename normalization only where recorded.
GG-EVIDENCE-SOURCE-EVIDENCE-FONTS-GOLD-DISPLAY-V1-0-SOURCE-PACKAGE-GALACTICGUNNERS-GOLD-DISPLAY-FONT-V1-0-PR,FOUNDER_SUPPLIED_SOURCE_REFERENCE,"Nested production font package GG_Gold_Font_Production_v1; ZIP transport unpacked inspectably, ZIP not retained.",GalacticGunners.zip / GG_Gold_Font_Production_v1.zip,GalacticGunners/assets/fonts/GG_Gold_Font_Production_v1.zip::GalacticGunners_Gold_Display_Font_v1.0_PRODUCTION/cinematic/gg_gold_cinematic_GUNNERS.svg,2440BB06F53CC64F2B9358DFA0279E6FB8B1D86A9C6320BA4C0F47E4B37703FB,Founder Michael Leese / Inceptivec supplied project estate,"Founder selection, direction, supply and admission for Galactic Gunners project baseline.",NONE DECLARED IN SUPPLIED BASELINE,Founder project authority; commercial-use clearance classified for active production assets by this baseline.,assets/source_evidence/fonts/gold_display_v1.0/source_package/README.md,REFERENCE_ONLY,Nested ZIP transport was unpacked; member bytes copied unchanged.
GG-EVIDENCE-SOURCE-EVIDENCE-FONTS-GOLD-DISPLAY-V1-0-SOURCE-PACKAGE-GALACTICGUNNERS-GOLD-DISPLAY-FONT-V1-0-PR-10,FOUNDER_SUPPLIED_SOURCE_REFERENCE,"Nested production font package GG_Gold_Font_Production_v1; ZIP transport unpacked inspectably, ZIP not retained.",GalacticGunners.zip / GG_Gold_Font_Production_v1.zip,GalacticGunners/assets/fonts/GG_Gold_Font_Production_v1.zip::GalacticGunners_Gold_Display_Font_v1.0_PRODUCTION/source/authoritative_logo_reference.png,8CE482EA6EB3366C9D37DC86F2E00439949F9B220864CA966CC03E06157C2119,Founder Michael Leese / Inceptivec supplied project estate,"Founder selection, direction, supply and admission for Galactic Gunners project baseline.",NONE DECLARED IN SUPPLIED BASELINE,Founder project authority; commercial-use clearance classified for active production assets by this baseline.,assets/source_evidence/fonts/gold_display_v1.0/source_package/README.md,REFERENCE_ONLY,Nested ZIP transport was unpacked; member bytes copied unchanged.
GG-EVIDENCE-SOURCE-EVIDENCE-FONTS-GOLD-DISPLAY-V1-0-SOURCE-PACKAGE-GALACTICGUNNERS-GOLD-DISPLAY-FONT-V1-0-PR-11,FOUNDER_SUPPLIED_SOURCE_REFERENCE,"Nested production font package GG_Gold_Font_Production_v1; ZIP transport unpacked inspectably, ZIP not retained.",GalacticGunners.zip / GG_Gold_Font_Production_v1.zip,GalacticGunners/assets/fonts/GG_Gold_Font_Production_v1.zip::GalacticGunners_Gold_Display_Font_v1.0_PRODUCTION/source/build_gold_font_pack.py,6FB64E0C82F4BFA1D21ACC372A489E079DB781DB7714783E6E6466157369FE4B,Founder Michael Leese / Inceptivec supplied project estate,"Founder selection, direction, supply and admission for Galactic Gunners project baseline.",NONE DECLARED IN SUPPLIED BASELINE,Founder project authority; commercial-use clearance classified for active production assets by this baseline.,assets/source_evidence/fonts/gold_display_v1.0/source_package/README.md,REFERENCE_ONLY,Nested ZIP transport was unpacked; member bytes copied unchanged.
GG-EVIDENCE-SOURCE-EVIDENCE-FONTS-GOLD-DISPLAY-V1-0-SOURCE-PACKAGE-GALACTICGUNNERS-GOLD-DISPLAY-FONT-V1-0-PR-12,FOUNDER_SUPPLIED_SOURCE_REFERENCE,"Nested production font package GG_Gold_Font_Production_v1; ZIP transport unpacked inspectably, ZIP not retained.",GalacticGunners.zip / GG_Gold_Font_Production_v1.zip,GalacticGunners/assets/fonts/GG_Gold_Font_Production_v1.zip::GalacticGunners_Gold_Display_Font_v1.0_PRODUCTION/source/selected_gold_treatment_reference.png,DD61217A2A2E09014AC4FDDFAAF27FD4BEA117558B4F57ED99204349ED821CEA,Founder Michael Leese / Inceptivec supplied project estate,"Founder selection, direction, supply and admission for Galactic Gunners project baseline.",NONE DECLARED IN SUPPLIED BASELINE,Founder project authority; commercial-use clearance classified for active production assets by this baseline.,assets/source_evidence/fonts/gold_display_v1.0/source_package/README.md,REFERENCE_ONLY,Nested ZIP transport was unpacked; member bytes copied unchanged.
GG-EVIDENCE-SOURCE-EVIDENCE-FONTS-GOLD-DISPLAY-V1-0-SOURCE-PACKAGE-GALACTICGUNNERS-GOLD-DISPLAY-FONT-V1-0-PR-13,FOUNDER_SUPPLIED_SOURCE_REFERENCE,"Nested production font package GG_Gold_Font_Production_v1; ZIP transport unpacked inspectably, ZIP not retained.",GalacticGunners.zip / GG_Gold_Font_Production_v1.zip,GalacticGunners/assets/fonts/GG_Gold_Font_Production_v1.zip::GalacticGunners_Gold_Display_Font_v1.0_PRODUCTION/specimens/gg_gold_full_glyph_proof_4k.png,4AB4B12523712D58FC9BF4A1E8252ADBE759E84369D95EA76424EDAF99D0D92B,Founder Michael Leese / Inceptivec supplied project estate,"Founder selection, direction, supply and admission for Galactic Gunners project baseline.",NONE DECLARED IN SUPPLIED BASELINE,Founder project authority; commercial-use clearance classified for active production assets by this baseline.,assets/source_evidence/fonts/gold_display_v1.0/source_package/README.md,REFERENCE_ONLY,Nested ZIP transport was unpacked; member bytes copied unchanged.
GG-EVIDENCE-SOURCE-EVIDENCE-FONTS-GOLD-DISPLAY-V1-0-SOURCE-PACKAGE-GALACTICGUNNERS-GOLD-DISPLAY-FONT-V1-0-PR-14,FOUNDER_SUPPLIED_SOURCE_REFERENCE,"Nested production font package GG_Gold_Font_Production_v1; ZIP transport unpacked inspectably, ZIP not retained.",GalacticGunners.zip / GG_Gold_Font_Production_v1.zip,GalacticGunners/assets/fonts/GG_Gold_Font_Production_v1.zip::GalacticGunners_Gold_Display_Font_v1.0_PRODUCTION/specimens/gg_gold_full_glyph_proof_4k.svg,233D69AB066FE9E352E4D808414CE1C2E1C45851820B98675FCDB75E983BCF17,Founder Michael Leese / Inceptivec supplied project estate,"Founder selection, direction, supply and admission for Galactic Gunners project baseline.",NONE DECLARED IN SUPPLIED BASELINE,Founder project authority; commercial-use clearance classified for active production assets by this baseline.,assets/source_evidence/fonts/gold_display_v1.0/source_package/README.md,REFERENCE_ONLY,Nested ZIP transport was unpacked; member bytes copied unchanged.
GG-EVIDENCE-SOURCE-EVIDENCE-FONTS-GOLD-DISPLAY-V1-0-SOURCE-PACKAGE-GALACTICGUNNERS-GOLD-DISPLAY-FONT-V1-0-PR-15,FOUNDER_SUPPLIED_SOURCE_REFERENCE,"Nested production font package GG_Gold_Font_Production_v1; ZIP transport unpacked inspectably, ZIP not retained.",GalacticGunners.zip / GG_Gold_Font_Production_v1.zip,GalacticGunners/assets/fonts/GG_Gold_Font_Production_v1.zip::GalacticGunners_Gold_Display_Font_v1.0_PRODUCTION/specimens/gg_gold_installed_font_proof_4k.png,1CCA4B3C9744FDAA9A08218F49EE76C79E621E7E935D5523C5D42C7F70E00877,Founder Michael Leese / Inceptivec supplied project estate,"Founder selection, direction, supply and admission for Galactic Gunners project baseline.",NONE DECLARED IN SUPPLIED BASELINE,Founder project authority; commercial-use clearance classified for active production assets by this baseline.,assets/source_evidence/fonts/gold_display_v1.0/source_package/README.md,REFERENCE_ONLY,Nested ZIP transport was unpacked; member bytes copied unchanged.
GG-EVIDENCE-SOURCE-EVIDENCE-FONTS-GOLD-DISPLAY-V1-0-SOURCE-PACKAGE-GALACTICGUNNERS-GOLD-DISPLAY-FONT-V1-0-PR-16,FOUNDER_SUPPLIED_SOURCE_REFERENCE,"Nested production font package GG_Gold_Font_Production_v1; ZIP transport unpacked inspectably, ZIP not retained.",GalacticGunners.zip / GG_Gold_Font_Production_v1.zip,GalacticGunners/assets/fonts/GG_Gold_Font_Production_v1.zip::GalacticGunners_Gold_Display_Font_v1.0_PRODUCTION/web/demo.html,B1AD0A189A715C3C70275A068228AF0FB1C79DC1D09FBE109B5DB4095DD9AD8A,Founder Michael Leese / Inceptivec supplied project estate,"Founder selection, direction, supply and admission for Galactic Gunners project baseline.",NONE DECLARED IN SUPPLIED BASELINE,Founder project authority; commercial-use clearance classified for active production assets by this baseline.,assets/source_evidence/fonts/gold_display_v1.0/source_package/README.md,REFERENCE_ONLY,Nested ZIP transport was unpacked; member bytes copied unchanged.
GG-EVIDENCE-SOURCE-EVIDENCE-FONTS-GOLD-DISPLAY-V1-0-SOURCE-PACKAGE-GALACTICGUNNERS-GOLD-DISPLAY-FONT-V1-0-PR-2,FOUNDER_SUPPLIED_SOURCE_REFERENCE,"Nested production font package GG_Gold_Font_Production_v1; ZIP transport unpacked inspectably, ZIP not retained.",GalacticGunners.zip / GG_Gold_Font_Production_v1.zip,GalacticGunners/assets/fonts/GG_Gold_Font_Production_v1.zip::GalacticGunners_Gold_Display_Font_v1.0_PRODUCTION/cinematic/gg_gold_cinematic_GUNNERS_4k.png,B759CC7E342A5BC7711432391292D25BE1EDAC251E9C47E22FB8487525A75384,Founder Michael Leese / Inceptivec supplied project estate,"Founder selection, direction, supply and admission for Galactic Gunners project baseline.",NONE DECLARED IN SUPPLIED BASELINE,Founder project authority; commercial-use clearance classified for active production assets by this baseline.,assets/source_evidence/fonts/gold_display_v1.0/source_package/README.md,REFERENCE_ONLY,Nested ZIP transport was unpacked; member bytes copied unchanged.
GG-EVIDENCE-SOURCE-EVIDENCE-FONTS-GOLD-DISPLAY-V1-0-SOURCE-PACKAGE-GALACTICGUNNERS-GOLD-DISPLAY-FONT-V1-0-PR-3,FOUNDER_SUPPLIED_SOURCE_REFERENCE,"Nested production font package GG_Gold_Font_Production_v1; ZIP transport unpacked inspectably, ZIP not retained.",GalacticGunners.zip / GG_Gold_Font_Production_v1.zip,GalacticGunners/assets/fonts/GG_Gold_Font_Production_v1.zip::GalacticGunners_Gold_Display_Font_v1.0_PRODUCTION/cinematic/gg_gold_GUNNERS_reference_4k_transparent.png,4EB3E2AA0E8EA918197699A3D3E028AC67657AC212E39067198E2CACA5908821,Founder Michael Leese / Inceptivec supplied project estate,"Founder selection, direction, supply and admission for Galactic Gunners project baseline.",NONE DECLARED IN SUPPLIED BASELINE,Founder project authority; commercial-use clearance classified for active production assets by this baseline.,assets/source_evidence/fonts/gold_display_v1.0/source_package/README.md,REFERENCE_ONLY,Nested ZIP transport was unpacked; member bytes copied unchanged.
GG-EVIDENCE-SOURCE-EVIDENCE-FONTS-GOLD-DISPLAY-V1-0-SOURCE-PACKAGE-GALACTICGUNNERS-GOLD-DISPLAY-FONT-V1-0-PR-4,FOUNDER_SUPPLIED_SOURCE_REFERENCE,"Nested production font package GG_Gold_Font_Production_v1; ZIP transport unpacked inspectably, ZIP not retained.",GalacticGunners.zip / GG_Gold_Font_Production_v1.zip,GalacticGunners/assets/fonts/GG_Gold_Font_Production_v1.zip::GalacticGunners_Gold_Display_Font_v1.0_PRODUCTION/documentation/DESIGN_SYSTEM.md,74E11F654145BB5C6746ED8FFCA89F7F6A2F901DB708669D47E38203051D5823,Founder Michael Leese / Inceptivec supplied project estate,"Founder selection, direction, supply and admission for Galactic Gunners project baseline.",NONE DECLARED IN SUPPLIED BASELINE,Founder project authority; commercial-use clearance classified for active production assets by this baseline.,assets/source_evidence/fonts/gold_display_v1.0/source_package/README.md,REFERENCE_ONLY,Nested ZIP transport was unpacked; member bytes copied unchanged.
GG-EVIDENCE-SOURCE-EVIDENCE-FONTS-GOLD-DISPLAY-V1-0-SOURCE-PACKAGE-GALACTICGUNNERS-GOLD-DISPLAY-FONT-V1-0-PR-5,FOUNDER_SUPPLIED_SOURCE_REFERENCE,"Nested production font package GG_Gold_Font_Production_v1; ZIP transport unpacked inspectably, ZIP not retained.",GalacticGunners.zip / GG_Gold_Font_Production_v1.zip,GalacticGunners/assets/fonts/GG_Gold_Font_Production_v1.zip::GalacticGunners_Gold_Display_Font_v1.0_PRODUCTION/documentation/IMPLEMENTATION.md,45DA87CFD1E2D4564EBF41299D3BFCFBE68B55E818857763FB28428BA2AAE3A0,Founder Michael Leese / Inceptivec supplied project estate,"Founder selection, direction, supply and admission for Galactic Gunners project baseline.",NONE DECLARED IN SUPPLIED BASELINE,Founder project authority; commercial-use clearance classified for active production assets by this baseline.,assets/source_evidence/fonts/gold_display_v1.0/source_package/README.md,REFERENCE_ONLY,Nested ZIP transport was unpacked; member bytes copied unchanged.
GG-EVIDENCE-SOURCE-EVIDENCE-FONTS-GOLD-DISPLAY-V1-0-SOURCE-PACKAGE-GALACTICGUNNERS-GOLD-DISPLAY-FONT-V1-0-PR-6,FOUNDER_SUPPLIED_SOURCE_REFERENCE,"Nested production font package GG_Gold_Font_Production_v1; ZIP transport unpacked inspectably, ZIP not retained.",GalacticGunners.zip / GG_Gold_Font_Production_v1.zip,GalacticGunners/assets/fonts/GG_Gold_Font_Production_v1.zip::GalacticGunners_Gold_Display_Font_v1.0_PRODUCTION/documentation/LICENSE.md,79531442830C3BE37CB8361FC6CBE1056C17FDCF764568FA49044C91D91CC1A1,Founder Michael Leese / Inceptivec supplied project estate,"Founder selection, direction, supply and admission for Galactic Gunners project baseline.",NONE DECLARED IN SUPPLIED BASELINE,Founder project authority; commercial-use clearance classified for active production assets by this baseline.,assets/source_evidence/fonts/gold_display_v1.0/source_package/LICENSE.txt,REFERENCE_ONLY,Nested ZIP transport was unpacked; member bytes copied unchanged.
GG-EVIDENCE-SOURCE-EVIDENCE-FONTS-GOLD-DISPLAY-V1-0-SOURCE-PACKAGE-GALACTICGUNNERS-GOLD-DISPLAY-FONT-V1-0-PR-7,FOUNDER_SUPPLIED_SOURCE_REFERENCE,"Nested production font package GG_Gold_Font_Production_v1; ZIP transport unpacked inspectably, ZIP not retained.",GalacticGunners.zip / GG_Gold_Font_Production_v1.zip,GalacticGunners/assets/fonts/GG_Gold_Font_Production_v1.zip::GalacticGunners_Gold_Display_Font_v1.0_PRODUCTION/documentation/VALIDATION.txt,CFA3D9C789D72CA05B1517E0AC48CBB8E141DD1499113D0E08106501BA527179,Founder Michael Leese / Inceptivec supplied project estate,"Founder selection, direction, supply and admission for Galactic Gunners project baseline.",NONE DECLARED IN SUPPLIED BASELINE,Founder project authority; commercial-use clearance classified for active production assets by this baseline.,assets/source_evidence/fonts/gold_display_v1.0/source_package/README.md,REFERENCE_ONLY,Nested ZIP transport was unpacked; member bytes copied unchanged.
GG-EVIDENCE-SOURCE-EVIDENCE-FONTS-GOLD-DISPLAY-V1-0-SOURCE-PACKAGE-GALACTICGUNNERS-GOLD-DISPLAY-FONT-V1-0-PR-8,FOUNDER_SUPPLIED_SOURCE_REFERENCE,"Nested production font package GG_Gold_Font_Production_v1; ZIP transport unpacked inspectably, ZIP not retained.",GalacticGunners.zip / GG_Gold_Font_Production_v1.zip,GalacticGunners/assets/fonts/GG_Gold_Font_Production_v1.zip::GalacticGunners_Gold_Display_Font_v1.0_PRODUCTION/README.md,42738B19AA6F85025B09A239F4D3D2666B54A526D6ACED276FC5F7C088EA7A50,Founder Michael Leese / Inceptivec supplied project estate,"Founder selection, direction, supply and admission for Galactic Gunners project baseline.",NONE DECLARED IN SUPPLIED BASELINE,Founder project authority; commercial-use clearance classified for active production assets by this baseline.,assets/source_evidence/fonts/gold_display_v1.0/source_package/README.md,REFERENCE_ONLY,Nested ZIP transport was unpacked; member bytes copied unchanged.
GG-EVIDENCE-SOURCE-EVIDENCE-FONTS-GOLD-DISPLAY-V1-0-SOURCE-PACKAGE-GALACTICGUNNERS-GOLD-DISPLAY-FONT-V1-0-PR-9,FOUNDER_SUPPLIED_SOURCE_REFERENCE,"Nested production font package GG_Gold_Font_Production_v1; ZIP transport unpacked inspectably, ZIP not retained.",GalacticGunners.zip / GG_Gold_Font_Production_v1.zip,GalacticGunners/assets/fonts/GG_Gold_Font_Production_v1.zip::GalacticGunners_Gold_Display_Font_v1.0_PRODUCTION/SHA256SUMS.txt,0502CD76894B79C3AAEF64ECE2235366BD28339CDB4E5CD2472154A6E18DB063,Founder Michael Leese / Inceptivec supplied project estate,"Founder selection, direction, supply and admission for Galactic Gunners project baseline.",NONE DECLARED IN SUPPLIED BASELINE,Founder project authority; commercial-use clearance classified for active production assets by this baseline.,assets/source_evidence/fonts/gold_display_v1.0/source_package/README.md,REFERENCE_ONLY,Nested ZIP transport was unpacked; member bytes copied unchanged.
GG-EVIDENCE-SOURCE-EVIDENCE-FONTS-HUD-V1-0-SOURCE-PACKAGE-GALACTICGUNNERSHUD-FONT-V1-0-PRODUCTION-LICENSE,FOUNDER_SUPPLIED_SOURCE_REFERENCE,"Nested production font package GalacticGunnersHUD_Font_v1.0_PRODUCTION; ZIP transport unpacked inspectably, ZIP not retained.",GalacticGunners.zip / GalacticGunnersHUD_Font_v1.0_PRODUCTION.zip,GalacticGunners/assets/fonts/GalacticGunnersHUD_Font_v1.0_PRODUCTION.zip::GalacticGunnersHUD_Font_v1.0_PRODUCTION/LICENSE.txt,6A54B03F93660232F15A534C109F5512E98199373DCF86325E1E7D4A35AB3C0E,Founder Michael Leese / Inceptivec supplied project estate,"Founder selection, direction, supply and admission for Galactic Gunners project baseline.",NONE DECLARED IN SUPPLIED BASELINE,Founder project authority; commercial-use clearance classified for active production assets by this baseline.,assets/source_evidence/fonts/hud_v1.0/source_package/LICENSE.txt,REFERENCE_ONLY,Nested ZIP transport was unpacked; member bytes copied unchanged.
GG-EVIDENCE-SOURCE-EVIDENCE-FONTS-HUD-V1-0-SOURCE-PACKAGE-GALACTICGUNNERSHUD-FONT-V1-0-PRODUCTION-README,FOUNDER_SUPPLIED_SOURCE_REFERENCE,"Nested production font package GalacticGunnersHUD_Font_v1.0_PRODUCTION; ZIP transport unpacked inspectably, ZIP not retained.",GalacticGunners.zip / GalacticGunnersHUD_Font_v1.0_PRODUCTION.zip,GalacticGunners/assets/fonts/GalacticGunnersHUD_Font_v1.0_PRODUCTION.zip::GalacticGunnersHUD_Font_v1.0_PRODUCTION/README.md,DF5731488A3A7633A062CEC2905A3D35CD5F601DC735B0E0E6FC395586B40BBC,Founder Michael Leese / Inceptivec supplied project estate,"Founder selection, direction, supply and admission for Galactic Gunners project baseline.",NONE DECLARED IN SUPPLIED BASELINE,Founder project authority; commercial-use clearance classified for active production assets by this baseline.,assets/source_evidence/fonts/hud_v1.0/source_package/README.md,REFERENCE_ONLY,Nested ZIP transport was unpacked; member bytes copied unchanged.
GG-EVIDENCE-SOURCE-EVIDENCE-FONTS-HUD-V1-0-SOURCE-PACKAGE-GALACTICGUNNERSHUD-FONT-V1-0-PRODUCTION-SHA256SUMS,FOUNDER_SUPPLIED_SOURCE_REFERENCE,"Nested production font package GalacticGunnersHUD_Font_v1.0_PRODUCTION; ZIP transport unpacked inspectably, ZIP not retained.",GalacticGunners.zip / GalacticGunnersHUD_Font_v1.0_PRODUCTION.zip,GalacticGunners/assets/fonts/GalacticGunnersHUD_Font_v1.0_PRODUCTION.zip::GalacticGunnersHUD_Font_v1.0_PRODUCTION/SHA256SUMS.txt,616D889085C43BE342526CD18BCB238E10CF4573C338E54892A97D4F66D6B36C,Founder Michael Leese / Inceptivec supplied project estate,"Founder selection, direction, supply and admission for Galactic Gunners project baseline.",NONE DECLARED IN SUPPLIED BASELINE,Founder project authority; commercial-use clearance classified for active production assets by this baseline.,assets/source_evidence/fonts/hud_v1.0/source_package/README.md,REFERENCE_ONLY,Nested ZIP transport was unpacked; member bytes copied unchanged.
GG-EVIDENCE-SOURCE-EVIDENCE-FONTS-HUD-V1-0-SOURCE-PACKAGE-GALACTICGUNNERSHUD-FONT-V1-0-PRODUCTION-SOURCE-GLY,FOUNDER_SUPPLIED_SOURCE_REFERENCE,"Nested production font package GalacticGunnersHUD_Font_v1.0_PRODUCTION; ZIP transport unpacked inspectably, ZIP not retained.",GalacticGunners.zip / GalacticGunnersHUD_Font_v1.0_PRODUCTION.zip,GalacticGunners/assets/fonts/GalacticGunnersHUD_Font_v1.0_PRODUCTION.zip::GalacticGunnersHUD_Font_v1.0_PRODUCTION/source/glyph_metrics.json,419D922A31FA251A7F008DF5A85263A69B9DEDFB0CC7596366C7A8DE2CAC6A37,Founder Michael Leese / Inceptivec supplied project estate,"Founder selection, direction, supply and admission for Galactic Gunners project baseline.",NONE DECLARED IN SUPPLIED BASELINE,Founder project authority; commercial-use clearance classified for active production assets by this baseline.,assets/source_evidence/fonts/hud_v1.0/source_package/README.md,REFERENCE_ONLY,Nested ZIP transport was unpacked; member bytes copied unchanged.
GG-EVIDENCE-SOURCE-EVIDENCE-FONTS-HUD-V1-0-SOURCE-PACKAGE-GALACTICGUNNERSHUD-FONT-V1-0-PRODUCTION-SPECIMENS-,FOUNDER_SUPPLIED_SOURCE_REFERENCE,"Nested production font package GalacticGunnersHUD_Font_v1.0_PRODUCTION; ZIP transport unpacked inspectably, ZIP not retained.",GalacticGunners.zip / GalacticGunnersHUD_Font_v1.0_PRODUCTION.zip,GalacticGunners/assets/fonts/GalacticGunnersHUD_Font_v1.0_PRODUCTION.zip::GalacticGunnersHUD_Font_v1.0_PRODUCTION/specimens/GalacticGunnersHUD-Regular_4K_SPECIMEN.png,46FC3F0302B69F3F7FE6A5D94D60B8C5E21FCFE527E7818B4ECB576DC68CD1FB,Founder Michael Leese / Inceptivec supplied project estate,"Founder selection, direction, supply and admission for Galactic Gunners project baseline.",NONE DECLARED IN SUPPLIED BASELINE,Founder project authority; commercial-use clearance classified for active production assets by this baseline.,assets/source_evidence/fonts/hud_v1.0/source_package/README.md,REFERENCE_ONLY,Nested ZIP transport was unpacked; member bytes copied unchanged.
GG-EVIDENCE-SOURCE-EVIDENCE-FONTS-HUD-V1-0-SOURCE-PACKAGE-GALACTICGUNNERSHUD-FONT-V1-0-PRODUCTION-SPECIMENS--2,FOUNDER_SUPPLIED_SOURCE_REFERENCE,"Nested production font package GalacticGunnersHUD_Font_v1.0_PRODUCTION; ZIP transport unpacked inspectably, ZIP not retained.",GalacticGunners.zip / GalacticGunnersHUD_Font_v1.0_PRODUCTION.zip,GalacticGunners/assets/fonts/GalacticGunnersHUD_Font_v1.0_PRODUCTION.zip::GalacticGunnersHUD_Font_v1.0_PRODUCTION/specimens/GalacticGunnersHUD-Regular_4K_TRANSPARENT.png,91A5EBB0BF2EF45E6D646EFDC09DD3F7B7C85506288418FB73D2BF8E0F57ABCF,Founder Michael Leese / Inceptivec supplied project estate,"Founder selection, direction, supply and admission for Galactic Gunners project baseline.",NONE DECLARED IN SUPPLIED BASELINE,Founder project authority; commercial-use clearance classified for active production assets by this baseline.,assets/source_evidence/fonts/hud_v1.0/source_package/README.md,REFERENCE_ONLY,Nested ZIP transport was unpacked; member bytes copied unchanged.
GG-EVIDENCE-SOURCE-EVIDENCE-FONTS-SILVER-DISPLAY-V1-0-SOURCE-PACKAGE-GALACTICGUNNERS-SILVER-DISPLAY-FONT-V1-,FOUNDER_SUPPLIED_SOURCE_REFERENCE,"Nested production font package GG_Silver_Font_Production_v1; ZIP transport unpacked inspectably, ZIP not retained.",GalacticGunners.zip / GG_Silver_Font_Production_v1.zip,GalacticGunners/assets/fonts/GG_Silver_Font_Production_v1.zip::GalacticGunners_Silver_Display_Font_v1.0_PRODUCTION/cinematic/gg_silver_cinematic_GALACTIC.svg,E69C7FCC7150900BBEBA1FE93705143EFEFDCC5EB0308F793E5978E474738053,Founder Michael Leese / Inceptivec supplied project estate,"Founder selection, direction, supply and admission for Galactic Gunners project baseline.",NONE DECLARED IN SUPPLIED BASELINE,Founder project authority; commercial-use clearance classified for active production assets by this baseline.,assets/source_evidence/fonts/silver_display_v1.0/source_package/README.md,REFERENCE_ONLY,Nested ZIP transport was unpacked; member bytes copied unchanged.
GG-EVIDENCE-SOURCE-EVIDENCE-FONTS-SILVER-DISPLAY-V1-0-SOURCE-PACKAGE-GALACTICGUNNERS-SILVER-DISPLAY-FONT-V1--10,FOUNDER_SUPPLIED_SOURCE_REFERENCE,"Nested production font package GG_Silver_Font_Production_v1; ZIP transport unpacked inspectably, ZIP not retained.",GalacticGunners.zip / GG_Silver_Font_Production_v1.zip,GalacticGunners/assets/fonts/GG_Silver_Font_Production_v1.zip::GalacticGunners_Silver_Display_Font_v1.0_PRODUCTION/documentation/GLYPH_MAP.csv,66169C9CF756221946754761907A61A1AC34C27D9B50C79EF823715C2D59EF26,Founder Michael Leese / Inceptivec supplied project estate,"Founder selection, direction, supply and admission for Galactic Gunners project baseline.",NONE DECLARED IN SUPPLIED BASELINE,Founder project authority; commercial-use clearance classified for active production assets by this baseline.,assets/source_evidence/fonts/silver_display_v1.0/source_package/README.md,REFERENCE_ONLY,Nested ZIP transport was unpacked; member bytes copied unchanged.
GG-EVIDENCE-SOURCE-EVIDENCE-FONTS-SILVER-DISPLAY-V1-0-SOURCE-PACKAGE-GALACTICGUNNERS-SILVER-DISPLAY-FONT-V1--11,FOUNDER_SUPPLIED_SOURCE_REFERENCE,"Nested production font package GG_Silver_Font_Production_v1; ZIP transport unpacked inspectably, ZIP not retained.",GalacticGunners.zip / GG_Silver_Font_Production_v1.zip,GalacticGunners/assets/fonts/GG_Silver_Font_Production_v1.zip::GalacticGunners_Silver_Display_Font_v1.0_PRODUCTION/documentation/GLYPH_MAP.json,8FD86624D2BDC143DAA38091E51AFC28A109919B9D46B851AC3B86FD3795F499,Founder Michael Leese / Inceptivec supplied project estate,"Founder selection, direction, supply and admission for Galactic Gunners project baseline.",NONE DECLARED IN SUPPLIED BASELINE,Founder project authority; commercial-use clearance classified for active production assets by this baseline.,assets/source_evidence/fonts/silver_display_v1.0/source_package/README.md,REFERENCE_ONLY,Nested ZIP transport was unpacked; member bytes copied unchanged.
GG-EVIDENCE-SOURCE-EVIDENCE-FONTS-SILVER-DISPLAY-V1-0-SOURCE-PACKAGE-GALACTICGUNNERS-SILVER-DISPLAY-FONT-V1--12,FOUNDER_SUPPLIED_SOURCE_REFERENCE,"Nested production font package GG_Silver_Font_Production_v1; ZIP transport unpacked inspectably, ZIP not retained.",GalacticGunners.zip / GG_Silver_Font_Production_v1.zip,GalacticGunners/assets/fonts/GG_Silver_Font_Production_v1.zip::GalacticGunners_Silver_Display_Font_v1.0_PRODUCTION/documentation/IMPLEMENTATION.md,D2B4AB4D3E84D1D6301AFCB5380925ADF9C84217E35347933F8B9D5087895597,Founder Michael Leese / Inceptivec supplied project estate,"Founder selection, direction, supply and admission for Galactic Gunners project baseline.",NONE DECLARED IN SUPPLIED BASELINE,Founder project authority; commercial-use clearance classified for active production assets by this baseline.,assets/source_evidence/fonts/silver_display_v1.0/source_package/README.md,REFERENCE_ONLY,Nested ZIP transport was unpacked; member bytes copied unchanged.
GG-EVIDENCE-SOURCE-EVIDENCE-FONTS-SILVER-DISPLAY-V1-0-SOURCE-PACKAGE-GALACTICGUNNERS-SILVER-DISPLAY-FONT-V1--13,FOUNDER_SUPPLIED_SOURCE_REFERENCE,"Nested production font package GG_Silver_Font_Production_v1; ZIP transport unpacked inspectably, ZIP not retained.",GalacticGunners.zip / GG_Silver_Font_Production_v1.zip,GalacticGunners/assets/fonts/GG_Silver_Font_Production_v1.zip::GalacticGunners_Silver_Display_Font_v1.0_PRODUCTION/documentation/LICENSE.md,79531442830C3BE37CB8361FC6CBE1056C17FDCF764568FA49044C91D91CC1A1,Founder Michael Leese / Inceptivec supplied project estate,"Founder selection, direction, supply and admission for Galactic Gunners project baseline.",NONE DECLARED IN SUPPLIED BASELINE,Founder project authority; commercial-use clearance classified for active production assets by this baseline.,assets/source_evidence/fonts/silver_display_v1.0/source_package/LICENSE.txt,REFERENCE_ONLY,Nested ZIP transport was unpacked; member bytes copied unchanged.
GG-EVIDENCE-SOURCE-EVIDENCE-FONTS-SILVER-DISPLAY-V1-0-SOURCE-PACKAGE-GALACTICGUNNERS-SILVER-DISPLAY-FONT-V1--14,FOUNDER_SUPPLIED_SOURCE_REFERENCE,"Nested production font package GG_Silver_Font_Production_v1; ZIP transport unpacked inspectably, ZIP not retained.",GalacticGunners.zip / GG_Silver_Font_Production_v1.zip,GalacticGunners/assets/fonts/GG_Silver_Font_Production_v1.zip::GalacticGunners_Silver_Display_Font_v1.0_PRODUCTION/documentation/README.md,9AA37650199B293B82EAD6052A2C78ABE737405D4703CF69774DD0B1766CD921,Founder Michael Leese / Inceptivec supplied project estate,"Founder selection, direction, supply and admission for Galactic Gunners project baseline.",NONE DECLARED IN SUPPLIED BASELINE,Founder project authority; commercial-use clearance classified for active production assets by this baseline.,assets/source_evidence/fonts/silver_display_v1.0/source_package/README.md,REFERENCE_ONLY,Nested ZIP transport was unpacked; member bytes copied unchanged.
GG-EVIDENCE-SOURCE-EVIDENCE-FONTS-SILVER-DISPLAY-V1-0-SOURCE-PACKAGE-GALACTICGUNNERS-SILVER-DISPLAY-FONT-V1--15,FOUNDER_SUPPLIED_SOURCE_REFERENCE,"Nested production font package GG_Silver_Font_Production_v1; ZIP transport unpacked inspectably, ZIP not retained.",GalacticGunners.zip / GG_Silver_Font_Production_v1.zip,GalacticGunners/assets/fonts/GG_Silver_Font_Production_v1.zip::GalacticGunners_Silver_Display_Font_v1.0_PRODUCTION/documentation/VALIDATION.txt,643FE7395730F2C744ED56D6A11FD2BF20084700D25B75AAF0F2140BE1C98527,Founder Michael Leese / Inceptivec supplied project estate,"Founder selection, direction, supply and admission for Galactic Gunners project baseline.",NONE DECLARED IN SUPPLIED BASELINE,Founder project authority; commercial-use clearance classified for active production assets by this baseline.,assets/source_evidence/fonts/silver_display_v1.0/source_package/README.md,REFERENCE_ONLY,Nested ZIP transport was unpacked; member bytes copied unchanged.
GG-EVIDENCE-SOURCE-EVIDENCE-FONTS-SILVER-DISPLAY-V1-0-SOURCE-PACKAGE-GALACTICGUNNERS-SILVER-DISPLAY-FONT-V1--16,FOUNDER_SUPPLIED_SOURCE_REFERENCE,"Nested production font package GG_Silver_Font_Production_v1; ZIP transport unpacked inspectably, ZIP not retained.",GalacticGunners.zip / GG_Silver_Font_Production_v1.zip,GalacticGunners/assets/fonts/GG_Silver_Font_Production_v1.zip::GalacticGunners_Silver_Display_Font_v1.0_PRODUCTION/documentation/VERSION.json,817DB3444C5B80B3DFE284E8390F3B7C056CAF5474CB6EEA149FC7D0318EB991,Founder Michael Leese / Inceptivec supplied project estate,"Founder selection, direction, supply and admission for Galactic Gunners project baseline.",NONE DECLARED IN SUPPLIED BASELINE,Founder project authority; commercial-use clearance classified for active production assets by this baseline.,assets/source_evidence/fonts/silver_display_v1.0/source_package/README.md,REFERENCE_ONLY,Nested ZIP transport was unpacked; member bytes copied unchanged.
GG-EVIDENCE-SOURCE-EVIDENCE-FONTS-SILVER-DISPLAY-V1-0-SOURCE-PACKAGE-GALACTICGUNNERS-SILVER-DISPLAY-FONT-V1--17,FOUNDER_SUPPLIED_SOURCE_REFERENCE,"Nested production font package GG_Silver_Font_Production_v1; ZIP transport unpacked inspectably, ZIP not retained.",GalacticGunners.zip / GG_Silver_Font_Production_v1.zip,GalacticGunners/assets/fonts/GG_Silver_Font_Production_v1.zip::GalacticGunners_Silver_Display_Font_v1.0_PRODUCTION/game/msdf-atlas.json,7A4997A14CA549CD2A05C8331C4765AE21746051E63613453F75513272F738AA,Founder Michael Leese / Inceptivec supplied project estate,"Founder selection, direction, supply and admission for Galactic Gunners project baseline.",NONE DECLARED IN SUPPLIED BASELINE,Founder project authority; commercial-use clearance classified for active production assets by this baseline.,assets/source_evidence/fonts/silver_display_v1.0/source_package/README.md,REFERENCE_ONLY,Nested ZIP transport was unpacked; member bytes copied unchanged.
GG-EVIDENCE-SOURCE-EVIDENCE-FONTS-SILVER-DISPLAY-V1-0-SOURCE-PACKAGE-GALACTICGUNNERS-SILVER-DISPLAY-FONT-V1--18,FOUNDER_SUPPLIED_SOURCE_REFERENCE,"Nested production font package GG_Silver_Font_Production_v1; ZIP transport unpacked inspectably, ZIP not retained.",GalacticGunners.zip / GG_Silver_Font_Production_v1.zip,GalacticGunners/assets/fonts/GG_Silver_Font_Production_v1.zip::GalacticGunners_Silver_Display_Font_v1.0_PRODUCTION/game/msdf-atlas.png,E9EFE6C8F5D178CAFCC49C98F2CB6DE0C498AC98B7686F7F0E1741FC6D5F3313,Founder Michael Leese / Inceptivec supplied project estate,"Founder selection, direction, supply and admission for Galactic Gunners project baseline.",NONE DECLARED IN SUPPLIED BASELINE,Founder project authority; commercial-use clearance classified for active production assets by this baseline.,assets/source_evidence/fonts/silver_display_v1.0/source_package/README.md,REFERENCE_ONLY,Nested ZIP transport was unpacked; member bytes copied unchanged.
GG-EVIDENCE-SOURCE-EVIDENCE-FONTS-SILVER-DISPLAY-V1-0-SOURCE-PACKAGE-GALACTICGUNNERS-SILVER-DISPLAY-FONT-V1--19,FOUNDER_SUPPLIED_SOURCE_REFERENCE,"Nested production font package GG_Silver_Font_Production_v1; ZIP transport unpacked inspectably, ZIP not retained.",GalacticGunners.zip / GG_Silver_Font_Production_v1.zip,GalacticGunners/assets/fonts/GG_Silver_Font_Production_v1.zip::GalacticGunners_Silver_Display_Font_v1.0_PRODUCTION/game/README.md,2138C8EC659723DC4568DE31CFFA60195F42F38EFE9D771050BFC8BB0B9E535B,Founder Michael Leese / Inceptivec supplied project estate,"Founder selection, direction, supply and admission for Galactic Gunners project baseline.",NONE DECLARED IN SUPPLIED BASELINE,Founder project authority; commercial-use clearance classified for active production assets by this baseline.,assets/source_evidence/fonts/silver_display_v1.0/source_package/README.md,REFERENCE_ONLY,Nested ZIP transport was unpacked; member bytes copied unchanged.
GG-EVIDENCE-SOURCE-EVIDENCE-FONTS-SILVER-DISPLAY-V1-0-SOURCE-PACKAGE-GALACTICGUNNERS-SILVER-DISPLAY-FONT-V1--2,FOUNDER_SUPPLIED_SOURCE_REFERENCE,"Nested production font package GG_Silver_Font_Production_v1; ZIP transport unpacked inspectably, ZIP not retained.",GalacticGunners.zip / GG_Silver_Font_Production_v1.zip,GalacticGunners/assets/fonts/GG_Silver_Font_Production_v1.zip::GalacticGunners_Silver_Display_Font_v1.0_PRODUCTION/cinematic/gg_silver_cinematic_GALACTIC_4k.png,ED8749385C90DD826984D6EAB4E4AE2A1168272781E60D80536FC940D8DA95E2,Founder Michael Leese / Inceptivec supplied project estate,"Founder selection, direction, supply and admission for Galactic Gunners project baseline.",NONE DECLARED IN SUPPLIED BASELINE,Founder project authority; commercial-use clearance classified for active production assets by this baseline.,assets/source_evidence/fonts/silver_display_v1.0/source_package/README.md,REFERENCE_ONLY,Nested ZIP transport was unpacked; member bytes copied unchanged.
GG-EVIDENCE-SOURCE-EVIDENCE-FONTS-SILVER-DISPLAY-V1-0-SOURCE-PACKAGE-GALACTICGUNNERS-SILVER-DISPLAY-FONT-V1--20,FOUNDER_SUPPLIED_SOURCE_REFERENCE,"Nested production font package GG_Silver_Font_Production_v1; ZIP transport unpacked inspectably, ZIP not retained.",GalacticGunners.zip / GG_Silver_Font_Production_v1.zip,GalacticGunners/assets/fonts/GG_Silver_Font_Production_v1.zip::GalacticGunners_Silver_Display_Font_v1.0_PRODUCTION/README.md,9AA37650199B293B82EAD6052A2C78ABE737405D4703CF69774DD0B1766CD921,Founder Michael Leese / Inceptivec supplied project estate,"Founder selection, direction, supply and admission for Galactic Gunners project baseline.",NONE DECLARED IN SUPPLIED BASELINE,Founder project authority; commercial-use clearance classified for active production assets by this baseline.,assets/source_evidence/fonts/silver_display_v1.0/source_package/README.md,REFERENCE_ONLY,Nested ZIP transport was unpacked; member bytes copied unchanged.
GG-EVIDENCE-SOURCE-EVIDENCE-FONTS-SILVER-DISPLAY-V1-0-SOURCE-PACKAGE-GALACTICGUNNERS-SILVER-DISPLAY-FONT-V1--21,FOUNDER_SUPPLIED_SOURCE_REFERENCE,"Nested production font package GG_Silver_Font_Production_v1; ZIP transport unpacked inspectably, ZIP not retained.",GalacticGunners.zip / GG_Silver_Font_Production_v1.zip,GalacticGunners/assets/fonts/GG_Silver_Font_Production_v1.zip::GalacticGunners_Silver_Display_Font_v1.0_PRODUCTION/SHA256SUMS.txt,80945AA43208D50E7F0947D9EF44ABBF752FFC0E9551A6ED03595EC7823FDC53,Founder Michael Leese / Inceptivec supplied project estate,"Founder selection, direction, supply and admission for Galactic Gunners project baseline.",NONE DECLARED IN SUPPLIED BASELINE,Founder project authority; commercial-use clearance classified for active production assets by this baseline.,assets/source_evidence/fonts/silver_display_v1.0/source_package/README.md,REFERENCE_ONLY,Nested ZIP transport was unpacked; member bytes copied unchanged.
GG-EVIDENCE-SOURCE-EVIDENCE-FONTS-SILVER-DISPLAY-V1-0-SOURCE-PACKAGE-GALACTICGUNNERS-SILVER-DISPLAY-FONT-V1--22,FOUNDER_SUPPLIED_SOURCE_REFERENCE,"Nested production font package GG_Silver_Font_Production_v1; ZIP transport unpacked inspectably, ZIP not retained.",GalacticGunners.zip / GG_Silver_Font_Production_v1.zip,GalacticGunners/assets/fonts/GG_Silver_Font_Production_v1.zip::GalacticGunners_Silver_Display_Font_v1.0_PRODUCTION/source/authoritative_logo_reference.png,8CE482EA6EB3366C9D37DC86F2E00439949F9B220864CA966CC03E06157C2119,Founder Michael Leese / Inceptivec supplied project estate,"Founder selection, direction, supply and admission for Galactic Gunners project baseline.",NONE DECLARED IN SUPPLIED BASELINE,Founder project authority; commercial-use clearance classified for active production assets by this baseline.,assets/source_evidence/fonts/silver_display_v1.0/source_package/README.md,REFERENCE_ONLY,Nested ZIP transport was unpacked; member bytes copied unchanged.
GG-EVIDENCE-SOURCE-EVIDENCE-FONTS-SILVER-DISPLAY-V1-0-SOURCE-PACKAGE-GALACTICGUNNERS-SILVER-DISPLAY-FONT-V1--23,FOUNDER_SUPPLIED_SOURCE_REFERENCE,"Nested production font package GG_Silver_Font_Production_v1; ZIP transport unpacked inspectably, ZIP not retained.",GalacticGunners.zip / GG_Silver_Font_Production_v1.zip,GalacticGunners/assets/fonts/GG_Silver_Font_Production_v1.zip::GalacticGunners_Silver_Display_Font_v1.0_PRODUCTION/source/build_silver_font_pack.py,2CB53F8B9F6D14BD034B1C42796FD5E95CA2037CC7DFDAC66492E770413EAFFC,Founder Michael Leese / Inceptivec supplied project estate,"Founder selection, direction, supply and admission for Galactic Gunners project baseline.",NONE DECLARED IN SUPPLIED BASELINE,Founder project authority; commercial-use clearance classified for active production assets by this baseline.,assets/source_evidence/fonts/silver_display_v1.0/source_package/README.md,REFERENCE_ONLY,Nested ZIP transport was unpacked; member bytes copied unchanged.
GG-EVIDENCE-SOURCE-EVIDENCE-FONTS-SILVER-DISPLAY-V1-0-SOURCE-PACKAGE-GALACTICGUNNERS-SILVER-DISPLAY-FONT-V1--24,FOUNDER_SUPPLIED_SOURCE_REFERENCE,"Nested production font package GG_Silver_Font_Production_v1; ZIP transport unpacked inspectably, ZIP not retained.",GalacticGunners.zip / GG_Silver_Font_Production_v1.zip,GalacticGunners/assets/fonts/GG_Silver_Font_Production_v1.zip::GalacticGunners_Silver_Display_Font_v1.0_PRODUCTION/source/selected_silver_treatment_reference.png,77488B5FA2969E921EDEB123DAEFE32EEB5E4537B038C6A8F02CCB941CC72484,Founder Michael Leese / Inceptivec supplied project estate,"Founder selection, direction, supply and admission for Galactic Gunners project baseline.",NONE DECLARED IN SUPPLIED BASELINE,Founder project authority; commercial-use clearance classified for active production assets by this baseline.,assets/source_evidence/fonts/silver_display_v1.0/source_package/README.md,REFERENCE_ONLY,Nested ZIP transport was unpacked; member bytes copied unchanged.
GG-EVIDENCE-SOURCE-EVIDENCE-FONTS-SILVER-DISPLAY-V1-0-SOURCE-PACKAGE-GALACTICGUNNERS-SILVER-DISPLAY-FONT-V1--25,FOUNDER_SUPPLIED_SOURCE_REFERENCE,"Nested production font package GG_Silver_Font_Production_v1; ZIP transport unpacked inspectably, ZIP not retained.",GalacticGunners.zip / GG_Silver_Font_Production_v1.zip,GalacticGunners/assets/fonts/GG_Silver_Font_Production_v1.zip::GalacticGunners_Silver_Display_Font_v1.0_PRODUCTION/specimens/full-glyph-sheet.png,C913C4998C8C68A9AB9272870839829E36B8E8B38B88D43897B03261DE41CDC5,Founder Michael Leese / Inceptivec supplied project estate,"Founder selection, direction, supply and admission for Galactic Gunners project baseline.",NONE DECLARED IN SUPPLIED BASELINE,Founder project authority; commercial-use clearance classified for active production assets by this baseline.,assets/source_evidence/fonts/silver_display_v1.0/source_package/README.md,REFERENCE_ONLY,Nested ZIP transport was unpacked; member bytes copied unchanged.
GG-EVIDENCE-SOURCE-EVIDENCE-FONTS-SILVER-DISPLAY-V1-0-SOURCE-PACKAGE-GALACTICGUNNERS-SILVER-DISPLAY-FONT-V1--26,FOUNDER_SUPPLIED_SOURCE_REFERENCE,"Nested production font package GG_Silver_Font_Production_v1; ZIP transport unpacked inspectably, ZIP not retained.",GalacticGunners.zip / GG_Silver_Font_Production_v1.zip,GalacticGunners/assets/fonts/GG_Silver_Font_Production_v1.zip::GalacticGunners_Silver_Display_Font_v1.0_PRODUCTION/specimens/gg_silver_full_glyph_proof_4k.png,C913C4998C8C68A9AB9272870839829E36B8E8B38B88D43897B03261DE41CDC5,Founder Michael Leese / Inceptivec supplied project estate,"Founder selection, direction, supply and admission for Galactic Gunners project baseline.",NONE DECLARED IN SUPPLIED BASELINE,Founder project authority; commercial-use clearance classified for active production assets by this baseline.,assets/source_evidence/fonts/silver_display_v1.0/source_package/README.md,REFERENCE_ONLY,Nested ZIP transport was unpacked; member bytes copied unchanged.
GG-EVIDENCE-SOURCE-EVIDENCE-FONTS-SILVER-DISPLAY-V1-0-SOURCE-PACKAGE-GALACTICGUNNERS-SILVER-DISPLAY-FONT-V1--27,FOUNDER_SUPPLIED_SOURCE_REFERENCE,"Nested production font package GG_Silver_Font_Production_v1; ZIP transport unpacked inspectably, ZIP not retained.",GalacticGunners.zip / GG_Silver_Font_Production_v1.zip,GalacticGunners/assets/fonts/GG_Silver_Font_Production_v1.zip::GalacticGunners_Silver_Display_Font_v1.0_PRODUCTION/specimens/gg_silver_full_glyph_proof_4k.svg,E91B097EF70BAA9994DDDE7B91A9D8E2CD9165A75560708CEE05D322FD211113,Founder Michael Leese / Inceptivec supplied project estate,"Founder selection, direction, supply and admission for Galactic Gunners project baseline.",NONE DECLARED IN SUPPLIED BASELINE,Founder project authority; commercial-use clearance classified for active production assets by this baseline.,assets/source_evidence/fonts/silver_display_v1.0/source_package/README.md,REFERENCE_ONLY,Nested ZIP transport was unpacked; member bytes copied unchanged.
GG-EVIDENCE-SOURCE-EVIDENCE-FONTS-SILVER-DISPLAY-V1-0-SOURCE-PACKAGE-GALACTICGUNNERS-SILVER-DISPLAY-FONT-V1--28,FOUNDER_SUPPLIED_SOURCE_REFERENCE,"Nested production font package GG_Silver_Font_Production_v1; ZIP transport unpacked inspectably, ZIP not retained.",GalacticGunners.zip / GG_Silver_Font_Production_v1.zip,GalacticGunners/assets/fonts/GG_Silver_Font_Production_v1.zip::GalacticGunners_Silver_Display_Font_v1.0_PRODUCTION/specimens/gg_silver_installed_font_proof_4k.png,AFEE6215679ED249F763BF9090DFC3FF79685577939718F7C5493D623F5F3369,Founder Michael Leese / Inceptivec supplied project estate,"Founder selection, direction, supply and admission for Galactic Gunners project baseline.",NONE DECLARED IN SUPPLIED BASELINE,Founder project authority; commercial-use clearance classified for active production assets by this baseline.,assets/source_evidence/fonts/silver_display_v1.0/source_package/README.md,REFERENCE_ONLY,Nested ZIP transport was unpacked; member bytes copied unchanged.
GG-EVIDENCE-SOURCE-EVIDENCE-FONTS-SILVER-DISPLAY-V1-0-SOURCE-PACKAGE-GALACTICGUNNERS-SILVER-DISPLAY-FONT-V1--29,FOUNDER_SUPPLIED_SOURCE_REFERENCE,"Nested production font package GG_Silver_Font_Production_v1; ZIP transport unpacked inspectably, ZIP not retained.",GalacticGunners.zip / GG_Silver_Font_Production_v1.zip,GalacticGunners/assets/fonts/GG_Silver_Font_Production_v1.zip::GalacticGunners_Silver_Display_Font_v1.0_PRODUCTION/specimens/kerning-proof.pdf,233BDEE2F4DE5F0200A5061BADA2593327568CD4E660BD7FA818AC586F9F4921,Founder Michael Leese / Inceptivec supplied project estate,"Founder selection, direction, supply and admission for Galactic Gunners project baseline.",NONE DECLARED IN SUPPLIED BASELINE,Founder project authority; commercial-use clearance classified for active production assets by this baseline.,assets/source_evidence/fonts/silver_display_v1.0/source_package/README.md,REFERENCE_ONLY,Nested ZIP transport was unpacked; member bytes copied unchanged.
GG-EVIDENCE-SOURCE-EVIDENCE-FONTS-SILVER-DISPLAY-V1-0-SOURCE-PACKAGE-GALACTICGUNNERS-SILVER-DISPLAY-FONT-V1--3,FOUNDER_SUPPLIED_SOURCE_REFERENCE,"Nested production font package GG_Silver_Font_Production_v1; ZIP transport unpacked inspectably, ZIP not retained.",GalacticGunners.zip / GG_Silver_Font_Production_v1.zip,GalacticGunners/assets/fonts/GG_Silver_Font_Production_v1.zip::GalacticGunners_Silver_Display_Font_v1.0_PRODUCTION/cinematic/gg_silver_GALACTIC_reference_4k_transparent.png,AD417CD857D7EAC2AF9EBFDB966F1B06C33660F9ED7EBB22006CA3485E578845,Founder Michael Leese / Inceptivec supplied project estate,"Founder selection, direction, supply and admission for Galactic Gunners project baseline.",NONE DECLARED IN SUPPLIED BASELINE,Founder project authority; commercial-use clearance classified for active production assets by this baseline.,assets/source_evidence/fonts/silver_display_v1.0/source_package/README.md,REFERENCE_ONLY,Nested ZIP transport was unpacked; member bytes copied unchanged.
GG-EVIDENCE-SOURCE-EVIDENCE-FONTS-SILVER-DISPLAY-V1-0-SOURCE-PACKAGE-GALACTICGUNNERS-SILVER-DISPLAY-FONT-V1--30,FOUNDER_SUPPLIED_SOURCE_REFERENCE,"Nested production font package GG_Silver_Font_Production_v1; ZIP transport unpacked inspectably, ZIP not retained.",GalacticGunners.zip / GG_Silver_Font_Production_v1.zip,GalacticGunners/assets/fonts/GG_Silver_Font_Production_v1.zip::GalacticGunners_Silver_Display_Font_v1.0_PRODUCTION/variable/GalacticGunnersSilverDisplay-VF.ttf,F5E42541A58B28E2C6F3909947BEFDA3CF91FD0362267AE0AC8BBC473761C115,Founder Michael Leese / Inceptivec supplied project estate,"Founder selection, direction, supply and admission for Galactic Gunners project baseline.",NONE DECLARED IN SUPPLIED BASELINE,Founder project authority; commercial-use clearance classified for active production assets by this baseline.,assets/source_evidence/fonts/silver_display_v1.0/source_package/README.md,REFERENCE_ONLY,Nested ZIP transport was unpacked; member bytes copied unchanged.
GG-EVIDENCE-SOURCE-EVIDENCE-FONTS-SILVER-DISPLAY-V1-0-SOURCE-PACKAGE-GALACTICGUNNERS-SILVER-DISPLAY-FONT-V1--31,FOUNDER_SUPPLIED_SOURCE_REFERENCE,"Nested production font package GG_Silver_Font_Production_v1; ZIP transport unpacked inspectably, ZIP not retained.",GalacticGunners.zip / GG_Silver_Font_Production_v1.zip,GalacticGunners/assets/fonts/GG_Silver_Font_Production_v1.zip::GalacticGunners_Silver_Display_Font_v1.0_PRODUCTION/variable/GalacticGunnersSilverDisplay-VF.woff2,F81286A7B012AC0EAD4723B77D581F053E92D7F13BA905A7DF411C70A9D5B534,Founder Michael Leese / Inceptivec supplied project estate,"Founder selection, direction, supply and admission for Galactic Gunners project baseline.",NONE DECLARED IN SUPPLIED BASELINE,Founder project authority; commercial-use clearance classified for active production assets by this baseline.,assets/source_evidence/fonts/silver_display_v1.0/source_package/README.md,REFERENCE_ONLY,Nested ZIP transport was unpacked; member bytes copied unchanged.
GG-EVIDENCE-SOURCE-EVIDENCE-FONTS-SILVER-DISPLAY-V1-0-SOURCE-PACKAGE-GALACTICGUNNERS-SILVER-DISPLAY-FONT-V1--32,FOUNDER_SUPPLIED_SOURCE_REFERENCE,"Nested production font package GG_Silver_Font_Production_v1; ZIP transport unpacked inspectably, ZIP not retained.",GalacticGunners.zip / GG_Silver_Font_Production_v1.zip,GalacticGunners/assets/fonts/GG_Silver_Font_Production_v1.zip::GalacticGunners_Silver_Display_Font_v1.0_PRODUCTION/variable/masters/GalacticGunnersSilverDisplay.designspace,EBF9CDB8516E0747B6D74670EFAF441E490F08EDDE8E75FAEC6CC6AA2B030136,Founder Michael Leese / Inceptivec supplied project estate,"Founder selection, direction, supply and admission for Galactic Gunners project baseline.",NONE DECLARED IN SUPPLIED BASELINE,Founder project authority; commercial-use clearance classified for active production assets by this baseline.,assets/source_evidence/fonts/silver_display_v1.0/source_package/README.md,REFERENCE_ONLY,Nested ZIP transport was unpacked; member bytes copied unchanged.
GG-EVIDENCE-SOURCE-EVIDENCE-FONTS-SILVER-DISPLAY-V1-0-SOURCE-PACKAGE-GALACTICGUNNERS-SILVER-DISPLAY-FONT-V1--33,FOUNDER_SUPPLIED_SOURCE_REFERENCE,"Nested production font package GG_Silver_Font_Production_v1; ZIP transport unpacked inspectably, ZIP not retained.",GalacticGunners.zip / GG_Silver_Font_Production_v1.zip,GalacticGunners/assets/fonts/GG_Silver_Font_Production_v1.zip::GalacticGunners_Silver_Display_Font_v1.0_PRODUCTION/variable/masters/master-400.ttf,671B631A94710CCF7652D2046043FEB5E34E8264E4859091BB91533BE08F3550,Founder Michael Leese / Inceptivec supplied project estate,"Founder selection, direction, supply and admission for Galactic Gunners project baseline.",NONE DECLARED IN SUPPLIED BASELINE,Founder project authority; commercial-use clearance classified for active production assets by this baseline.,assets/source_evidence/fonts/silver_display_v1.0/source_package/README.md,REFERENCE_ONLY,Nested ZIP transport was unpacked; member bytes copied unchanged.
GG-EVIDENCE-SOURCE-EVIDENCE-FONTS-SILVER-DISPLAY-V1-0-SOURCE-PACKAGE-GALACTICGUNNERS-SILVER-DISPLAY-FONT-V1--34,FOUNDER_SUPPLIED_SOURCE_REFERENCE,"Nested production font package GG_Silver_Font_Production_v1; ZIP transport unpacked inspectably, ZIP not retained.",GalacticGunners.zip / GG_Silver_Font_Production_v1.zip,GalacticGunners/assets/fonts/GG_Silver_Font_Production_v1.zip::GalacticGunners_Silver_Display_Font_v1.0_PRODUCTION/variable/masters/master-900.ttf,B690A2034A26963D14886C9CDDB64CB7602C99C7121056FB4226EFC050AD3A0C,Founder Michael Leese / Inceptivec supplied project estate,"Founder selection, direction, supply and admission for Galactic Gunners project baseline.",NONE DECLARED IN SUPPLIED BASELINE,Founder project authority; commercial-use clearance classified for active production assets by this baseline.,assets/source_evidence/fonts/silver_display_v1.0/source_package/README.md,REFERENCE_ONLY,Nested ZIP transport was unpacked; member bytes copied unchanged.
GG-EVIDENCE-SOURCE-EVIDENCE-FONTS-SILVER-DISPLAY-V1-0-SOURCE-PACKAGE-GALACTICGUNNERS-SILVER-DISPLAY-FONT-V1--35,FOUNDER_SUPPLIED_SOURCE_REFERENCE,"Nested production font package GG_Silver_Font_Production_v1; ZIP transport unpacked inspectably, ZIP not retained.",GalacticGunners.zip / GG_Silver_Font_Production_v1.zip,GalacticGunners/assets/fonts/GG_Silver_Font_Production_v1.zip::GalacticGunners_Silver_Display_Font_v1.0_PRODUCTION/web/demo.html,81A57630A0F341587EA5CC9300390C362F9895C10CBF0427D78DFE7798076776,Founder Michael Leese / Inceptivec supplied project estate,"Founder selection, direction, supply and admission for Galactic Gunners project baseline.",NONE DECLARED IN SUPPLIED BASELINE,Founder project authority; commercial-use clearance classified for active production assets by this baseline.,assets/source_evidence/fonts/silver_display_v1.0/source_package/README.md,REFERENCE_ONLY,Nested ZIP transport was unpacked; member bytes copied unchanged.
GG-EVIDENCE-SOURCE-EVIDENCE-FONTS-SILVER-DISPLAY-V1-0-SOURCE-PACKAGE-GALACTICGUNNERS-SILVER-DISPLAY-FONT-V1--4,FOUNDER_SUPPLIED_SOURCE_REFERENCE,"Nested production font package GG_Silver_Font_Production_v1; ZIP transport unpacked inspectably, ZIP not retained.",GalacticGunners.zip / GG_Silver_Font_Production_v1.zip,GalacticGunners/assets/fonts/GG_Silver_Font_Production_v1.zip::GalacticGunners_Silver_Display_Font_v1.0_PRODUCTION/cinematic/title-emissive-transparent-4k.png,79133926638054B11E12057BD59878CF78BC1E744C8FB3BA8AD2FE2F5EDC4A0E,Founder Michael Leese / Inceptivec supplied project estate,"Founder selection, direction, supply and admission for Galactic Gunners project baseline.",NONE DECLARED IN SUPPLIED BASELINE,Founder project authority; commercial-use clearance classified for active production assets by this baseline.,assets/source_evidence/fonts/silver_display_v1.0/source_package/README.md,REFERENCE_ONLY,Nested ZIP transport was unpacked; member bytes copied unchanged.
GG-EVIDENCE-SOURCE-EVIDENCE-FONTS-SILVER-DISPLAY-V1-0-SOURCE-PACKAGE-GALACTICGUNNERS-SILVER-DISPLAY-FONT-V1--5,FOUNDER_SUPPLIED_SOURCE_REFERENCE,"Nested production font package GG_Silver_Font_Production_v1; ZIP transport unpacked inspectably, ZIP not retained.",GalacticGunners.zip / GG_Silver_Font_Production_v1.zip,GalacticGunners/assets/fonts/GG_Silver_Font_Production_v1.zip::GalacticGunners_Silver_Display_Font_v1.0_PRODUCTION/cinematic/title-layered-source.svg,E69C7FCC7150900BBEBA1FE93705143EFEFDCC5EB0308F793E5978E474738053,Founder Michael Leese / Inceptivec supplied project estate,"Founder selection, direction, supply and admission for Galactic Gunners project baseline.",NONE DECLARED IN SUPPLIED BASELINE,Founder project authority; commercial-use clearance classified for active production assets by this baseline.,assets/source_evidence/fonts/silver_display_v1.0/source_package/README.md,REFERENCE_ONLY,Nested ZIP transport was unpacked; member bytes copied unchanged.
GG-EVIDENCE-SOURCE-EVIDENCE-FONTS-SILVER-DISPLAY-V1-0-SOURCE-PACKAGE-GALACTICGUNNERS-SILVER-DISPLAY-FONT-V1--6,FOUNDER_SUPPLIED_SOURCE_REFERENCE,"Nested production font package GG_Silver_Font_Production_v1; ZIP transport unpacked inspectably, ZIP not retained.",GalacticGunners.zip / GG_Silver_Font_Production_v1.zip,GalacticGunners/assets/fonts/GG_Silver_Font_Production_v1.zip::GalacticGunners_Silver_Display_Font_v1.0_PRODUCTION/cinematic/title-metallic-transparent-4k.png,AD417CD857D7EAC2AF9EBFDB966F1B06C33660F9ED7EBB22006CA3485E578845,Founder Michael Leese / Inceptivec supplied project estate,"Founder selection, direction, supply and admission for Galactic Gunners project baseline.",NONE DECLARED IN SUPPLIED BASELINE,Founder project authority; commercial-use clearance classified for active production assets by this baseline.,assets/source_evidence/fonts/silver_display_v1.0/source_package/README.md,REFERENCE_ONLY,Nested ZIP transport was unpacked; member bytes copied unchanged.
GG-EVIDENCE-SOURCE-EVIDENCE-FONTS-SILVER-DISPLAY-V1-0-SOURCE-PACKAGE-GALACTICGUNNERS-SILVER-DISPLAY-FONT-V1--7,FOUNDER_SUPPLIED_SOURCE_REFERENCE,"Nested production font package GG_Silver_Font_Production_v1; ZIP transport unpacked inspectably, ZIP not retained.",GalacticGunners.zip / GG_Silver_Font_Production_v1.zip,GalacticGunners/assets/fonts/GG_Silver_Font_Production_v1.zip::GalacticGunners_Silver_Display_Font_v1.0_PRODUCTION/cinematic/title-metallic-transparent-4k.webp,6E75954C3520A572B2123B0B0193E65FB282906301E5A7B864FF5CAC987D4B8D,Founder Michael Leese / Inceptivec supplied project estate,"Founder selection, direction, supply and admission for Galactic Gunners project baseline.",NONE DECLARED IN SUPPLIED BASELINE,Founder project authority; commercial-use clearance classified for active production assets by this baseline.,assets/source_evidence/fonts/silver_display_v1.0/source_package/README.md,REFERENCE_ONLY,Nested ZIP transport was unpacked; member bytes copied unchanged.
GG-EVIDENCE-SOURCE-EVIDENCE-FONTS-SILVER-DISPLAY-V1-0-SOURCE-PACKAGE-GALACTICGUNNERS-SILVER-DISPLAY-FONT-V1--8,FOUNDER_SUPPLIED_SOURCE_REFERENCE,"Nested production font package GG_Silver_Font_Production_v1; ZIP transport unpacked inspectably, ZIP not retained.",GalacticGunners.zip / GG_Silver_Font_Production_v1.zip,GalacticGunners/assets/fonts/GG_Silver_Font_Production_v1.zip::GalacticGunners_Silver_Display_Font_v1.0_PRODUCTION/cinematic/title-metallic.svg,E69C7FCC7150900BBEBA1FE93705143EFEFDCC5EB0308F793E5978E474738053,Founder Michael Leese / Inceptivec supplied project estate,"Founder selection, direction, supply and admission for Galactic Gunners project baseline.",NONE DECLARED IN SUPPLIED BASELINE,Founder project authority; commercial-use clearance classified for active production assets by this baseline.,assets/source_evidence/fonts/silver_display_v1.0/source_package/README.md,REFERENCE_ONLY,Nested ZIP transport was unpacked; member bytes copied unchanged.
GG-EVIDENCE-SOURCE-EVIDENCE-FONTS-SILVER-DISPLAY-V1-0-SOURCE-PACKAGE-GALACTICGUNNERS-SILVER-DISPLAY-FONT-V1--9,FOUNDER_SUPPLIED_SOURCE_REFERENCE,"Nested production font package GG_Silver_Font_Production_v1; ZIP transport unpacked inspectably, ZIP not retained.",GalacticGunners.zip / GG_Silver_Font_Production_v1.zip,GalacticGunners/assets/fonts/GG_Silver_Font_Production_v1.zip::GalacticGunners_Silver_Display_Font_v1.0_PRODUCTION/documentation/DESIGN_SYSTEM.md,156742A76ECBEF47B5B0F524F842ECB46B047889C3BEC152B29A95382F1658CB,Founder Michael Leese / Inceptivec supplied project estate,"Founder selection, direction, supply and admission for Galactic Gunners project baseline.",NONE DECLARED IN SUPPLIED BASELINE,Founder project authority; commercial-use clearance classified for active production assets by this baseline.,assets/source_evidence/fonts/silver_display_v1.0/source_package/README.md,REFERENCE_ONLY,Nested ZIP transport was unpacked; member bytes copied unchanged.
GG-EVIDENCE-SOURCE-EVIDENCE-FONTS-TITLE-V1-0-SOURCE-PACKAGE-FOUNDER-APPROVED-TITLE-AUTHORITY,FOUNDER_SUPPLIED_SOURCE_REFERENCE,Complete title font v1.0 source/provenance/previews.,GalacticGunners.zip,GalacticGunners/assets/fonts/GalacticGunners_Title_Font_v1.0_PRODUCTION_COMPLETE/GalacticGunners_Title_Font_v1.0_PRODUCTION/Founder_Approved_Title_Authority.png,CF816A20C97FFC2BA7E693D4BD8ADD47627F14B806047CCC1279D9BF850FA520,Founder Michael Leese / Inceptivec supplied project estate,"Founder selection, direction, supply and admission for Galactic Gunners project baseline.",NONE DECLARED IN SUPPLIED BASELINE,Founder project authority; commercial-use clearance classified for active production assets by this baseline.,assets/source_evidence/fonts/title_v1.0/source_package/OWNERSHIP_DECLARATION.md,REFERENCE_ONLY,No byte transformation performed during canonical placement; path/filename normalization only where recorded.
GG-EVIDENCE-SOURCE-EVIDENCE-FONTS-TITLE-V1-0-SOURCE-PACKAGE-GALACTICGUNNERS-TITLE-FONT-V1-0-2,FOUNDER_SUPPLIED_SOURCE_REFERENCE,Complete title font v1.0 source/provenance/previews.,GalacticGunners.zip,GalacticGunners/assets/fonts/GalacticGunners_Title_Font_v1.0_PRODUCTION_COMPLETE/GalacticGunners_Title_Font_v1.0_PRODUCTION/GalacticGunners_Title_Font-v1.0.woff2,C5A28A1FCF95246EB0FFC5123C8C4C749FDC25639771AA308899D067F8BF459A,Founder Michael Leese / Inceptivec supplied project estate,"Founder selection, direction, supply and admission for Galactic Gunners project baseline.",NONE DECLARED IN SUPPLIED BASELINE,Founder project authority; commercial-use clearance classified for active production assets by this baseline.,assets/source_evidence/fonts/title_v1.0/source_package/OWNERSHIP_DECLARATION.md,REFERENCE_ONLY,No byte transformation performed during canonical placement; path/filename normalization only where recorded.
GG-EVIDENCE-SOURCE-EVIDENCE-FONTS-TITLE-V1-0-SOURCE-PACKAGE-MANIFEST-SHA256,FOUNDER_SUPPLIED_SOURCE_REFERENCE,Complete title font v1.0 source/provenance/previews.,GalacticGunners.zip,GalacticGunners/assets/fonts/GalacticGunners_Title_Font_v1.0_PRODUCTION_COMPLETE/GalacticGunners_Title_Font_v1.0_PRODUCTION/MANIFEST_SHA256.json,09F7A64BD69EBB4A2D99675FA233D3A25D620768470211C52C0CBB47B56D26F1,Founder Michael Leese / Inceptivec supplied project estate,"Founder selection, direction, supply and admission for Galactic Gunners project baseline.",NONE DECLARED IN SUPPLIED BASELINE,Founder project authority; commercial-use clearance classified for active production assets by this baseline.,assets/source_evidence/fonts/title_v1.0/source_package/OWNERSHIP_DECLARATION.md,REFERENCE_ONLY,No byte transformation performed during canonical placement; path/filename normalization only where recorded.
GG-EVIDENCE-SOURCE-EVIDENCE-FONTS-TITLE-V1-0-SOURCE-PACKAGE-OWNERSHIP-DECLARATION,FOUNDER_SUPPLIED_SOURCE_REFERENCE,Complete title font v1.0 source/provenance/previews.,GalacticGunners.zip,GalacticGunners/assets/fonts/GalacticGunners_Title_Font_v1.0_PRODUCTION_COMPLETE/GalacticGunners_Title_Font_v1.0_PRODUCTION/OWNERSHIP_DECLARATION.md,A6FF9B6A657E86C9AE600144B1A727F49DA731A751D429BE57867B571C4539A0,Founder Michael Leese / Inceptivec supplied project estate,"Founder selection, direction, supply and admission for Galactic Gunners project baseline.",NONE DECLARED IN SUPPLIED BASELINE,Founder project authority; commercial-use clearance classified for active production assets by this baseline.,assets/source_evidence/fonts/title_v1.0/source_package/OWNERSHIP_DECLARATION.md,REFERENCE_ONLY,No byte transformation performed during canonical placement; path/filename normalization only where recorded.
GG-EVIDENCE-SOURCE-EVIDENCE-FONTS-TITLE-V1-0-SOURCE-PACKAGE-PREVIEWS-FULL-AZ-09-PRODUCTION-PREVIEW,FOUNDER_SUPPLIED_SOURCE_REFERENCE,Complete title font v1.0 source/provenance/previews.,GalacticGunners.zip,GalacticGunners/assets/fonts/GalacticGunners_Title_Font_v1.0_PRODUCTION_COMPLETE/GalacticGunners_Title_Font_v1.0_PRODUCTION/PREVIEWS/FULL_AZ_09_PRODUCTION_PREVIEW.png,B8AC9CA2D24875E6EBE7FE98DF2B6742BBE2DF2CE7C7B13965A88CC289EE4730,Founder Michael Leese / Inceptivec supplied project estate,"Founder selection, direction, supply and admission for Galactic Gunners project baseline.",NONE DECLARED IN SUPPLIED BASELINE,Founder project authority; commercial-use clearance classified for active production assets by this baseline.,assets/source_evidence/fonts/title_v1.0/source_package/OWNERSHIP_DECLARATION.md,REFERENCE_ONLY,No byte transformation performed during canonical placement; path/filename normalization only where recorded.
GG-EVIDENCE-SOURCE-EVIDENCE-FONTS-TITLE-V1-0-SOURCE-PACKAGE-PREVIEWS-TYPE-TEST-PRODUCTION,FOUNDER_SUPPLIED_SOURCE_REFERENCE,Complete title font v1.0 source/provenance/previews.,GalacticGunners.zip,GalacticGunners/assets/fonts/GalacticGunners_Title_Font_v1.0_PRODUCTION_COMPLETE/GalacticGunners_Title_Font_v1.0_PRODUCTION/PREVIEWS/TYPE_TEST_PRODUCTION.png,00DE5D0402633A196028D32E2290FEF5B590C3D18F49A5A8B59BC5891C2F00BD,Founder Michael Leese / Inceptivec supplied project estate,"Founder selection, direction, supply and admission for Galactic Gunners project baseline.",NONE DECLARED IN SUPPLIED BASELINE,Founder project authority; commercial-use clearance classified for active production assets by this baseline.,assets/source_evidence/fonts/title_v1.0/source_package/OWNERSHIP_DECLARATION.md,REFERENCE_ONLY,No byte transformation performed during canonical placement; path/filename normalization only where recorded.
GG-EVIDENCE-SOURCE-EVIDENCE-FONTS-TITLE-V1-0-SOURCE-PACKAGE-PROVENANCE-ASSET-REGISTER,FOUNDER_SUPPLIED_SOURCE_REFERENCE,Complete title font v1.0 source/provenance/previews.,GalacticGunners.zip,GalacticGunners/assets/fonts/GalacticGunners_Title_Font_v1.0_PRODUCTION_COMPLETE/GalacticGunners_Title_Font_v1.0_PRODUCTION/PROVENANCE/ASSET_REGISTER.md,4793C8AEF3432C7AB994A65EEF9AB322FBB499CC3EB99B27E9F3CC294AA2B497,Founder Michael Leese / Inceptivec supplied project estate,"Founder selection, direction, supply and admission for Galactic Gunners project baseline.",NONE DECLARED IN SUPPLIED BASELINE,Founder project authority; commercial-use clearance classified for active production assets by this baseline.,assets/source_evidence/fonts/title_v1.0/source_package/OWNERSHIP_DECLARATION.md,REFERENCE_ONLY,No byte transformation performed during canonical placement; path/filename normalization only where recorded.
GG-EVIDENCE-SOURCE-EVIDENCE-FONTS-TITLE-V1-0-SOURCE-PACKAGE-PROVENANCE-GLYPH-METRICS,FOUNDER_SUPPLIED_SOURCE_REFERENCE,Complete title font v1.0 source/provenance/previews.,GalacticGunners.zip,GalacticGunners/assets/fonts/GalacticGunners_Title_Font_v1.0_PRODUCTION_COMPLETE/GalacticGunners_Title_Font_v1.0_PRODUCTION/PROVENANCE/GLYPH_METRICS.json,C8D6224D2B5569B503A7BB1A550521D0B6DFA90575413575EE1E6D537D241D15,Founder Michael Leese / Inceptivec supplied project estate,"Founder selection, direction, supply and admission for Galactic Gunners project baseline.",NONE DECLARED IN SUPPLIED BASELINE,Founder project authority; commercial-use clearance classified for active production assets by this baseline.,assets/source_evidence/fonts/title_v1.0/source_package/OWNERSHIP_DECLARATION.md,REFERENCE_ONLY,No byte transformation performed during canonical placement; path/filename normalization only where recorded.
GG-EVIDENCE-SOURCE-EVIDENCE-FONTS-TITLE-V1-0-SOURCE-PACKAGE-PROVENANCE-OWNERSHIP-DECLARATION,FOUNDER_SUPPLIED_SOURCE_REFERENCE,Complete title font v1.0 source/provenance/previews.,GalacticGunners.zip,GalacticGunners/assets/fonts/GalacticGunners_Title_Font_v1.0_PRODUCTION_COMPLETE/GalacticGunners_Title_Font_v1.0_PRODUCTION/PROVENANCE/OWNERSHIP_DECLARATION.md,A6FF9B6A657E86C9AE600144B1A727F49DA731A751D429BE57867B571C4539A0,Founder Michael Leese / Inceptivec supplied project estate,"Founder selection, direction, supply and admission for Galactic Gunners project baseline.",NONE DECLARED IN SUPPLIED BASELINE,Founder project authority; commercial-use clearance classified for active production assets by this baseline.,assets/source_evidence/fonts/title_v1.0/source_package/OWNERSHIP_DECLARATION.md,REFERENCE_ONLY,No byte transformation performed during canonical placement; path/filename normalization only where recorded.
GG-EVIDENCE-SOURCE-EVIDENCE-FONTS-TITLE-V1-0-SOURCE-PACKAGE-PROVENANCE-SHA256-MANIFEST,FOUNDER_SUPPLIED_SOURCE_REFERENCE,Complete title font v1.0 source/provenance/previews.,GalacticGunners.zip,GalacticGunners/assets/fonts/GalacticGunners_Title_Font_v1.0_PRODUCTION_COMPLETE/GalacticGunners_Title_Font_v1.0_PRODUCTION/PROVENANCE/SHA256_MANIFEST.json,DF1F945C17BF775B2135AEAE27C50C489256520D491B24F0543AB32DA96B7758,Founder Michael Leese / Inceptivec supplied project estate,"Founder selection, direction, supply and admission for Galactic Gunners project baseline.",NONE DECLARED IN SUPPLIED BASELINE,Founder project authority; commercial-use clearance classified for active production assets by this baseline.,assets/source_evidence/fonts/title_v1.0/source_package/OWNERSHIP_DECLARATION.md,REFERENCE_ONLY,No byte transformation performed during canonical placement; path/filename normalization only where recorded.
GG-EVIDENCE-SOURCE-EVIDENCE-FONTS-TITLE-V1-0-SOURCE-PACKAGE-README,FOUNDER_SUPPLIED_SOURCE_REFERENCE,Complete title font v1.0 source/provenance/previews.,GalacticGunners.zip,GalacticGunners/assets/fonts/GalacticGunners_Title_Font_v1.0_PRODUCTION_COMPLETE/GalacticGunners_Title_Font_v1.0_PRODUCTION/README.md,F268B1EDDD1C7A85AE229D66C65DEDAED86E79CA30CCC94E9907C68E9F2609CC,Founder Michael Leese / Inceptivec supplied project estate,"Founder selection, direction, supply and admission for Galactic Gunners project baseline.",NONE DECLARED IN SUPPLIED BASELINE,Founder project authority; commercial-use clearance classified for active production assets by this baseline.,assets/source_evidence/fonts/title_v1.0/source_package/OWNERSHIP_DECLARATION.md,REFERENCE_ONLY,No byte transformation performed during canonical placement; path/filename normalization only where recorded.
GG-EVIDENCE-SOURCE-EVIDENCE-FONTS-TITLE-V1-0-SOURCE-PACKAGE-SOURCE-NORMALIZED-GLYPHS-MASK-0,FOUNDER_SUPPLIED_SOURCE_REFERENCE,Complete title font v1.0 source/provenance/previews.,GalacticGunners.zip,GalacticGunners/assets/fonts/GalacticGunners_Title_Font_v1.0_PRODUCTION_COMPLETE/GalacticGunners_Title_Font_v1.0_PRODUCTION/SOURCE/NORMALIZED_GLYPHS_MASK/0.png,18C365EDDF1A8061A5901FEEC9ACD26A05F5B535C2B53B95C0FFF7AD57A2845C,Founder Michael Leese / Inceptivec supplied project estate,"Founder selection, direction, supply and admission for Galactic Gunners project baseline.",NONE DECLARED IN SUPPLIED BASELINE,Founder project authority; commercial-use clearance classified for active production assets by this baseline.,assets/source_evidence/fonts/title_v1.0/source_package/OWNERSHIP_DECLARATION.md,REFERENCE_ONLY,No byte transformation performed during canonical placement; path/filename normalization only where recorded.
GG-EVIDENCE-SOURCE-EVIDENCE-FONTS-TITLE-V1-0-SOURCE-PACKAGE-SOURCE-NORMALIZED-GLYPHS-MASK-1,FOUNDER_SUPPLIED_SOURCE_REFERENCE,Complete title font v1.0 source/provenance/previews.,GalacticGunners.zip,GalacticGunners/assets/fonts/GalacticGunners_Title_Font_v1.0_PRODUCTION_COMPLETE/GalacticGunners_Title_Font_v1.0_PRODUCTION/SOURCE/NORMALIZED_GLYPHS_MASK/1.png,D7B22E871DE9D5F4D9F7782DD4352C82AA8388D34FAAF282939C2F47A317FEDA,Founder Michael Leese / Inceptivec supplied project estate,"Founder selection, direction, supply and admission for Galactic Gunners project baseline.",NONE DECLARED IN SUPPLIED BASELINE,Founder project authority; commercial-use clearance classified for active production assets by this baseline.,assets/source_evidence/fonts/title_v1.0/source_package/OWNERSHIP_DECLARATION.md,REFERENCE_ONLY,No byte transformation performed during canonical placement; path/filename normalization only where recorded.
GG-EVIDENCE-SOURCE-EVIDENCE-FONTS-TITLE-V1-0-SOURCE-PACKAGE-SOURCE-NORMALIZED-GLYPHS-MASK-2,FOUNDER_SUPPLIED_SOURCE_REFERENCE,Complete title font v1.0 source/provenance/previews.,GalacticGunners.zip,GalacticGunners/assets/fonts/GalacticGunners_Title_Font_v1.0_PRODUCTION_COMPLETE/GalacticGunners_Title_Font_v1.0_PRODUCTION/SOURCE/NORMALIZED_GLYPHS_MASK/2.png,47E6B10063A6C8A0D161F02D649E2AC9B405D3F988A29F9411568101DAC54AC4,Founder Michael Leese / Inceptivec supplied project estate,"Founder selection, direction, supply and admission for Galactic Gunners project baseline.",NONE DECLARED IN SUPPLIED BASELINE,Founder project authority; commercial-use clearance classified for active production assets by this baseline.,assets/source_evidence/fonts/title_v1.0/source_package/OWNERSHIP_DECLARATION.md,REFERENCE_ONLY,No byte transformation performed during canonical placement; path/filename normalization only where recorded.
GG-EVIDENCE-SOURCE-EVIDENCE-FONTS-TITLE-V1-0-SOURCE-PACKAGE-SOURCE-NORMALIZED-GLYPHS-MASK-3,FOUNDER_SUPPLIED_SOURCE_REFERENCE,Complete title font v1.0 source/provenance/previews.,GalacticGunners.zip,GalacticGunners/assets/fonts/GalacticGunners_Title_Font_v1.0_PRODUCTION_COMPLETE/GalacticGunners_Title_Font_v1.0_PRODUCTION/SOURCE/NORMALIZED_GLYPHS_MASK/3.png,8FD6507B43105A6D253E423B31A91EA0A9BB78B729B963C4D37AEDE5E3A9A3EE,Founder Michael Leese / Inceptivec supplied project estate,"Founder selection, direction, supply and admission for Galactic Gunners project baseline.",NONE DECLARED IN SUPPLIED BASELINE,Founder project authority; commercial-use clearance classified for active production assets by this baseline.,assets/source_evidence/fonts/title_v1.0/source_package/OWNERSHIP_DECLARATION.md,REFERENCE_ONLY,No byte transformation performed during canonical placement; path/filename normalization only where recorded.
GG-EVIDENCE-SOURCE-EVIDENCE-FONTS-TITLE-V1-0-SOURCE-PACKAGE-SOURCE-NORMALIZED-GLYPHS-MASK-4,FOUNDER_SUPPLIED_SOURCE_REFERENCE,Complete title font v1.0 source/provenance/previews.,GalacticGunners.zip,GalacticGunners/assets/fonts/GalacticGunners_Title_Font_v1.0_PRODUCTION_COMPLETE/GalacticGunners_Title_Font_v1.0_PRODUCTION/SOURCE/NORMALIZED_GLYPHS_MASK/4.png,024AD09AA10803F7CDF723A1782DCB7EB67F8A7A55AB183F86E14E6436E3EE76,Founder Michael Leese / Inceptivec supplied project estate,"Founder selection, direction, supply and admission for Galactic Gunners project baseline.",NONE DECLARED IN SUPPLIED BASELINE,Founder project authority; commercial-use clearance classified for active production assets by this baseline.,assets/source_evidence/fonts/title_v1.0/source_package/OWNERSHIP_DECLARATION.md,REFERENCE_ONLY,No byte transformation performed during canonical placement; path/filename normalization only where recorded.
GG-EVIDENCE-SOURCE-EVIDENCE-FONTS-TITLE-V1-0-SOURCE-PACKAGE-SOURCE-NORMALIZED-GLYPHS-MASK-5,FOUNDER_SUPPLIED_SOURCE_REFERENCE,Complete title font v1.0 source/provenance/previews.,GalacticGunners.zip,GalacticGunners/assets/fonts/GalacticGunners_Title_Font_v1.0_PRODUCTION_COMPLETE/GalacticGunners_Title_Font_v1.0_PRODUCTION/SOURCE/NORMALIZED_GLYPHS_MASK/5.png,CFE5E91599578569FF426211A3F231F928CB4AF90BCCA3FC01A2419E20E6EA76,Founder Michael Leese / Inceptivec supplied project estate,"Founder selection, direction, supply and admission for Galactic Gunners project baseline.",NONE DECLARED IN SUPPLIED BASELINE,Founder project authority; commercial-use clearance classified for active production assets by this baseline.,assets/source_evidence/fonts/title_v1.0/source_package/OWNERSHIP_DECLARATION.md,REFERENCE_ONLY,No byte transformation performed during canonical placement; path/filename normalization only where recorded.
GG-EVIDENCE-SOURCE-EVIDENCE-FONTS-TITLE-V1-0-SOURCE-PACKAGE-SOURCE-NORMALIZED-GLYPHS-MASK-6,FOUNDER_SUPPLIED_SOURCE_REFERENCE,Complete title font v1.0 source/provenance/previews.,GalacticGunners.zip,GalacticGunners/assets/fonts/GalacticGunners_Title_Font_v1.0_PRODUCTION_COMPLETE/GalacticGunners_Title_Font_v1.0_PRODUCTION/SOURCE/NORMALIZED_GLYPHS_MASK/6.png,45E16F476422644E20359E6C1829719D1A4E4008C046AD3D207C428204E3E00A,Founder Michael Leese / Inceptivec supplied project estate,"Founder selection, direction, supply and admission for Galactic Gunners project baseline.",NONE DECLARED IN SUPPLIED BASELINE,Founder project authority; commercial-use clearance classified for active production assets by this baseline.,assets/source_evidence/fonts/title_v1.0/source_package/OWNERSHIP_DECLARATION.md,REFERENCE_ONLY,No byte transformation performed during canonical placement; path/filename normalization only where recorded.
GG-EVIDENCE-SOURCE-EVIDENCE-FONTS-TITLE-V1-0-SOURCE-PACKAGE-SOURCE-NORMALIZED-GLYPHS-MASK-7,FOUNDER_SUPPLIED_SOURCE_REFERENCE,Complete title font v1.0 source/provenance/previews.,GalacticGunners.zip,GalacticGunners/assets/fonts/GalacticGunners_Title_Font_v1.0_PRODUCTION_COMPLETE/GalacticGunners_Title_Font_v1.0_PRODUCTION/SOURCE/NORMALIZED_GLYPHS_MASK/7.png,77BA2EDE01557B5A3868BE34885BA4673B71A97ADD2F927F65997ADF0804FFA3,Founder Michael Leese / Inceptivec supplied project estate,"Founder selection, direction, supply and admission for Galactic Gunners project baseline.",NONE DECLARED IN SUPPLIED BASELINE,Founder project authority; commercial-use clearance classified for active production assets by this baseline.,assets/source_evidence/fonts/title_v1.0/source_package/OWNERSHIP_DECLARATION.md,REFERENCE_ONLY,No byte transformation performed during canonical placement; path/filename normalization only where recorded.
GG-EVIDENCE-SOURCE-EVIDENCE-FONTS-TITLE-V1-0-SOURCE-PACKAGE-SOURCE-NORMALIZED-GLYPHS-MASK-8,FOUNDER_SUPPLIED_SOURCE_REFERENCE,Complete title font v1.0 source/provenance/previews.,GalacticGunners.zip,GalacticGunners/assets/fonts/GalacticGunners_Title_Font_v1.0_PRODUCTION_COMPLETE/GalacticGunners_Title_Font_v1.0_PRODUCTION/SOURCE/NORMALIZED_GLYPHS_MASK/8.png,FAD55BB00235F2C38BF6BCB75D027E3DBE690E113DEF55D49FB8DAB90305976A,Founder Michael Leese / Inceptivec supplied project estate,"Founder selection, direction, supply and admission for Galactic Gunners project baseline.",NONE DECLARED IN SUPPLIED BASELINE,Founder project authority; commercial-use clearance classified for active production assets by this baseline.,assets/source_evidence/fonts/title_v1.0/source_package/OWNERSHIP_DECLARATION.md,REFERENCE_ONLY,No byte transformation performed during canonical placement; path/filename normalization only where recorded.
GG-EVIDENCE-SOURCE-EVIDENCE-FONTS-TITLE-V1-0-SOURCE-PACKAGE-SOURCE-NORMALIZED-GLYPHS-MASK-9,FOUNDER_SUPPLIED_SOURCE_REFERENCE,Complete title font v1.0 source/provenance/previews.,GalacticGunners.zip,GalacticGunners/assets/fonts/GalacticGunners_Title_Font_v1.0_PRODUCTION_COMPLETE/GalacticGunners_Title_Font_v1.0_PRODUCTION/SOURCE/NORMALIZED_GLYPHS_MASK/9.png,1420443EA78C200D05480C19C5195F41FC3A32F09C29EB371C8E29D7DB6B338F,Founder Michael Leese / Inceptivec supplied project estate,"Founder selection, direction, supply and admission for Galactic Gunners project baseline.",NONE DECLARED IN SUPPLIED BASELINE,Founder project authority; commercial-use clearance classified for active production assets by this baseline.,assets/source_evidence/fonts/title_v1.0/source_package/OWNERSHIP_DECLARATION.md,REFERENCE_ONLY,No byte transformation performed during canonical placement; path/filename normalization only where recorded.
GG-EVIDENCE-SOURCE-EVIDENCE-FONTS-TITLE-V1-0-SOURCE-PACKAGE-SOURCE-NORMALIZED-GLYPHS-MASK-A,FOUNDER_SUPPLIED_SOURCE_REFERENCE,Complete title font v1.0 source/provenance/previews.,GalacticGunners.zip,GalacticGunners/assets/fonts/GalacticGunners_Title_Font_v1.0_PRODUCTION_COMPLETE/GalacticGunners_Title_Font_v1.0_PRODUCTION/SOURCE/NORMALIZED_GLYPHS_MASK/A.png,8ECED2FFB4E939FF8DCEBCF1AE3C26BC52A8657F8EF0874680754BA3912CDC44,Founder Michael Leese / Inceptivec supplied project estate,"Founder selection, direction, supply and admission for Galactic Gunners project baseline.",NONE DECLARED IN SUPPLIED BASELINE,Founder project authority; commercial-use clearance classified for active production assets by this baseline.,assets/source_evidence/fonts/title_v1.0/source_package/OWNERSHIP_DECLARATION.md,REFERENCE_ONLY,No byte transformation performed during canonical placement; path/filename normalization only where recorded.
GG-EVIDENCE-SOURCE-EVIDENCE-FONTS-TITLE-V1-0-SOURCE-PACKAGE-SOURCE-NORMALIZED-GLYPHS-MASK-B,FOUNDER_SUPPLIED_SOURCE_REFERENCE,Complete title font v1.0 source/provenance/previews.,GalacticGunners.zip,GalacticGunners/assets/fonts/GalacticGunners_Title_Font_v1.0_PRODUCTION_COMPLETE/GalacticGunners_Title_Font_v1.0_PRODUCTION/SOURCE/NORMALIZED_GLYPHS_MASK/B.png,CB206DC017B61CC6A5C284D461172F9C55710510CF1F68A7FF704794E0E98BC2,Founder Michael Leese / Inceptivec supplied project estate,"Founder selection, direction, supply and admission for Galactic Gunners project baseline.",NONE DECLARED IN SUPPLIED BASELINE,Founder project authority; commercial-use clearance classified for active production assets by this baseline.,assets/source_evidence/fonts/title_v1.0/source_package/OWNERSHIP_DECLARATION.md,REFERENCE_ONLY,No byte transformation performed during canonical placement; path/filename normalization only where recorded.
GG-EVIDENCE-SOURCE-EVIDENCE-FONTS-TITLE-V1-0-SOURCE-PACKAGE-SOURCE-NORMALIZED-GLYPHS-MASK-C,FOUNDER_SUPPLIED_SOURCE_REFERENCE,Complete title font v1.0 source/provenance/previews.,GalacticGunners.zip,GalacticGunners/assets/fonts/GalacticGunners_Title_Font_v1.0_PRODUCTION_COMPLETE/GalacticGunners_Title_Font_v1.0_PRODUCTION/SOURCE/NORMALIZED_GLYPHS_MASK/C.png,84317D96528F23EDD9A2BD523CE8031871366D8388F9010C62B980942E43AE4B,Founder Michael Leese / Inceptivec supplied project estate,"Founder selection, direction, supply and admission for Galactic Gunners project baseline.",NONE DECLARED IN SUPPLIED BASELINE,Founder project authority; commercial-use clearance classified for active production assets by this baseline.,assets/source_evidence/fonts/title_v1.0/source_package/OWNERSHIP_DECLARATION.md,REFERENCE_ONLY,No byte transformation performed during canonical placement; path/filename normalization only where recorded.
GG-EVIDENCE-SOURCE-EVIDENCE-FONTS-TITLE-V1-0-SOURCE-PACKAGE-SOURCE-NORMALIZED-GLYPHS-MASK-D,FOUNDER_SUPPLIED_SOURCE_REFERENCE,Complete title font v1.0 source/provenance/previews.,GalacticGunners.zip,GalacticGunners/assets/fonts/GalacticGunners_Title_Font_v1.0_PRODUCTION_COMPLETE/GalacticGunners_Title_Font_v1.0_PRODUCTION/SOURCE/NORMALIZED_GLYPHS_MASK/D.png,A6828EEA009F53F3CF4A148847B15B8FF31291836ACDFA34EDE71DE929CC8064,Founder Michael Leese / Inceptivec supplied project estate,"Founder selection, direction, supply and admission for Galactic Gunners project baseline.",NONE DECLARED IN SUPPLIED BASELINE,Founder project authority; commercial-use clearance classified for active production assets by this baseline.,assets/source_evidence/fonts/title_v1.0/source_package/OWNERSHIP_DECLARATION.md,REFERENCE_ONLY,No byte transformation performed during canonical placement; path/filename normalization only where recorded.
GG-EVIDENCE-SOURCE-EVIDENCE-FONTS-TITLE-V1-0-SOURCE-PACKAGE-SOURCE-NORMALIZED-GLYPHS-MASK-E,FOUNDER_SUPPLIED_SOURCE_REFERENCE,Complete title font v1.0 source/provenance/previews.,GalacticGunners.zip,GalacticGunners/assets/fonts/GalacticGunners_Title_Font_v1.0_PRODUCTION_COMPLETE/GalacticGunners_Title_Font_v1.0_PRODUCTION/SOURCE/NORMALIZED_GLYPHS_MASK/E.png,BF397EC312A8665D4F7ECC12686393FF25B49C21A828D1182D0DE102E3D801FE,Founder Michael Leese / Inceptivec supplied project estate,"Founder selection, direction, supply and admission for Galactic Gunners project baseline.",NONE DECLARED IN SUPPLIED BASELINE,Founder project authority; commercial-use clearance classified for active production assets by this baseline.,assets/source_evidence/fonts/title_v1.0/source_package/OWNERSHIP_DECLARATION.md,REFERENCE_ONLY,No byte transformation performed during canonical placement; path/filename normalization only where recorded.
GG-EVIDENCE-SOURCE-EVIDENCE-FONTS-TITLE-V1-0-SOURCE-PACKAGE-SOURCE-NORMALIZED-GLYPHS-MASK-F,FOUNDER_SUPPLIED_SOURCE_REFERENCE,Complete title font v1.0 source/provenance/previews.,GalacticGunners.zip,GalacticGunners/assets/fonts/GalacticGunners_Title_Font_v1.0_PRODUCTION_COMPLETE/GalacticGunners_Title_Font_v1.0_PRODUCTION/SOURCE/NORMALIZED_GLYPHS_MASK/F.png,DCED94C6063B91177B72B9E98D8BA414DD2962AC6A54E4D0554BFD5869A43C96,Founder Michael Leese / Inceptivec supplied project estate,"Founder selection, direction, supply and admission for Galactic Gunners project baseline.",NONE DECLARED IN SUPPLIED BASELINE,Founder project authority; commercial-use clearance classified for active production assets by this baseline.,assets/source_evidence/fonts/title_v1.0/source_package/OWNERSHIP_DECLARATION.md,REFERENCE_ONLY,No byte transformation performed during canonical placement; path/filename normalization only where recorded.
GG-EVIDENCE-SOURCE-EVIDENCE-FONTS-TITLE-V1-0-SOURCE-PACKAGE-SOURCE-NORMALIZED-GLYPHS-MASK-G,FOUNDER_SUPPLIED_SOURCE_REFERENCE,Complete title font v1.0 source/provenance/previews.,GalacticGunners.zip,GalacticGunners/assets/fonts/GalacticGunners_Title_Font_v1.0_PRODUCTION_COMPLETE/GalacticGunners_Title_Font_v1.0_PRODUCTION/SOURCE/NORMALIZED_GLYPHS_MASK/G.png,978463738DB618BB7057673F54DB4C0828687B7230FFD20233966BDC6ECE8311,Founder Michael Leese / Inceptivec supplied project estate,"Founder selection, direction, supply and admission for Galactic Gunners project baseline.",NONE DECLARED IN SUPPLIED BASELINE,Founder project authority; commercial-use clearance classified for active production assets by this baseline.,assets/source_evidence/fonts/title_v1.0/source_package/OWNERSHIP_DECLARATION.md,REFERENCE_ONLY,No byte transformation performed during canonical placement; path/filename normalization only where recorded.
GG-EVIDENCE-SOURCE-EVIDENCE-FONTS-TITLE-V1-0-SOURCE-PACKAGE-SOURCE-NORMALIZED-GLYPHS-MASK-H,FOUNDER_SUPPLIED_SOURCE_REFERENCE,Complete title font v1.0 source/provenance/previews.,GalacticGunners.zip,GalacticGunners/assets/fonts/GalacticGunners_Title_Font_v1.0_PRODUCTION_COMPLETE/GalacticGunners_Title_Font_v1.0_PRODUCTION/SOURCE/NORMALIZED_GLYPHS_MASK/H.png,F3992377E2EDA11CE47244B35983661307486468054900FCD77AB54B479A855C,Founder Michael Leese / Inceptivec supplied project estate,"Founder selection, direction, supply and admission for Galactic Gunners project baseline.",NONE DECLARED IN SUPPLIED BASELINE,Founder project authority; commercial-use clearance classified for active production assets by this baseline.,assets/source_evidence/fonts/title_v1.0/source_package/OWNERSHIP_DECLARATION.md,REFERENCE_ONLY,No byte transformation performed during canonical placement; path/filename normalization only where recorded.
GG-EVIDENCE-SOURCE-EVIDENCE-FONTS-TITLE-V1-0-SOURCE-PACKAGE-SOURCE-NORMALIZED-GLYPHS-MASK-I,FOUNDER_SUPPLIED_SOURCE_REFERENCE,Complete title font v1.0 source/provenance/previews.,GalacticGunners.zip,GalacticGunners/assets/fonts/GalacticGunners_Title_Font_v1.0_PRODUCTION_COMPLETE/GalacticGunners_Title_Font_v1.0_PRODUCTION/SOURCE/NORMALIZED_GLYPHS_MASK/I.png,F4C1B2DE2FD83D2D5629EDF0661A1743468744C1666EDDBB0EC35B8BF11D1677,Founder Michael Leese / Inceptivec supplied project estate,"Founder selection, direction, supply and admission for Galactic Gunners project baseline.",NONE DECLARED IN SUPPLIED BASELINE,Founder project authority; commercial-use clearance classified for active production assets by this baseline.,assets/source_evidence/fonts/title_v1.0/source_package/OWNERSHIP_DECLARATION.md,REFERENCE_ONLY,No byte transformation performed during canonical placement; path/filename normalization only where recorded.
GG-EVIDENCE-SOURCE-EVIDENCE-FONTS-TITLE-V1-0-SOURCE-PACKAGE-SOURCE-NORMALIZED-GLYPHS-MASK-J,FOUNDER_SUPPLIED_SOURCE_REFERENCE,Complete title font v1.0 source/provenance/previews.,GalacticGunners.zip,GalacticGunners/assets/fonts/GalacticGunners_Title_Font_v1.0_PRODUCTION_COMPLETE/GalacticGunners_Title_Font_v1.0_PRODUCTION/SOURCE/NORMALIZED_GLYPHS_MASK/J.png,85FFB1D528E2590E4DD2E7CB96D79BE50A5BC1AE695ED8D3709B5D08A82A2FF2,Founder Michael Leese / Inceptivec supplied project estate,"Founder selection, direction, supply and admission for Galactic Gunners project baseline.",NONE DECLARED IN SUPPLIED BASELINE,Founder project authority; commercial-use clearance classified for active production assets by this baseline.,assets/source_evidence/fonts/title_v1.0/source_package/OWNERSHIP_DECLARATION.md,REFERENCE_ONLY,No byte transformation performed during canonical placement; path/filename normalization only where recorded.
GG-EVIDENCE-SOURCE-EVIDENCE-FONTS-TITLE-V1-0-SOURCE-PACKAGE-SOURCE-NORMALIZED-GLYPHS-MASK-K,FOUNDER_SUPPLIED_SOURCE_REFERENCE,Complete title font v1.0 source/provenance/previews.,GalacticGunners.zip,GalacticGunners/assets/fonts/GalacticGunners_Title_Font_v1.0_PRODUCTION_COMPLETE/GalacticGunners_Title_Font_v1.0_PRODUCTION/SOURCE/NORMALIZED_GLYPHS_MASK/K.png,767FDACBF5018F77E939EAB7E8D3184E9DCCD5F065F9935623F6CC81FF88F80B,Founder Michael Leese / Inceptivec supplied project estate,"Founder selection, direction, supply and admission for Galactic Gunners project baseline.",NONE DECLARED IN SUPPLIED BASELINE,Founder project authority; commercial-use clearance classified for active production assets by this baseline.,assets/source_evidence/fonts/title_v1.0/source_package/OWNERSHIP_DECLARATION.md,REFERENCE_ONLY,No byte transformation performed during canonical placement; path/filename normalization only where recorded.
GG-EVIDENCE-SOURCE-EVIDENCE-FONTS-TITLE-V1-0-SOURCE-PACKAGE-SOURCE-NORMALIZED-GLYPHS-MASK-L,FOUNDER_SUPPLIED_SOURCE_REFERENCE,Complete title font v1.0 source/provenance/previews.,GalacticGunners.zip,GalacticGunners/assets/fonts/GalacticGunners_Title_Font_v1.0_PRODUCTION_COMPLETE/GalacticGunners_Title_Font_v1.0_PRODUCTION/SOURCE/NORMALIZED_GLYPHS_MASK/L.png,498577CB80B356EDEDBCFDCB295F3C91EDEBD3E8E24C86F6799771897C870BAA,Founder Michael Leese / Inceptivec supplied project estate,"Founder selection, direction, supply and admission for Galactic Gunners project baseline.",NONE DECLARED IN SUPPLIED BASELINE,Founder project authority; commercial-use clearance classified for active production assets by this baseline.,assets/source_evidence/fonts/title_v1.0/source_package/OWNERSHIP_DECLARATION.md,REFERENCE_ONLY,No byte transformation performed during canonical placement; path/filename normalization only where recorded.
GG-EVIDENCE-SOURCE-EVIDENCE-FONTS-TITLE-V1-0-SOURCE-PACKAGE-SOURCE-NORMALIZED-GLYPHS-MASK-M,FOUNDER_SUPPLIED_SOURCE_REFERENCE,Complete title font v1.0 source/provenance/previews.,GalacticGunners.zip,GalacticGunners/assets/fonts/GalacticGunners_Title_Font_v1.0_PRODUCTION_COMPLETE/GalacticGunners_Title_Font_v1.0_PRODUCTION/SOURCE/NORMALIZED_GLYPHS_MASK/M.png,7CC5EBE61AD3EFF0CAEC53E6CAAC16EEECDC90CF60ABE14733F3C757DFC43C83,Founder Michael Leese / Inceptivec supplied project estate,"Founder selection, direction, supply and admission for Galactic Gunners project baseline.",NONE DECLARED IN SUPPLIED BASELINE,Founder project authority; commercial-use clearance classified for active production assets by this baseline.,assets/source_evidence/fonts/title_v1.0/source_package/OWNERSHIP_DECLARATION.md,REFERENCE_ONLY,No byte transformation performed during canonical placement; path/filename normalization only where recorded.
GG-EVIDENCE-SOURCE-EVIDENCE-FONTS-TITLE-V1-0-SOURCE-PACKAGE-SOURCE-NORMALIZED-GLYPHS-MASK-N,FOUNDER_SUPPLIED_SOURCE_REFERENCE,Complete title font v1.0 source/provenance/previews.,GalacticGunners.zip,GalacticGunners/assets/fonts/GalacticGunners_Title_Font_v1.0_PRODUCTION_COMPLETE/GalacticGunners_Title_Font_v1.0_PRODUCTION/SOURCE/NORMALIZED_GLYPHS_MASK/N.png,661BA31F5ED7C8E169722ADACFB8154A35476BB9C12824B8E23BE5CEDBA4DED9,Founder Michael Leese / Inceptivec supplied project estate,"Founder selection, direction, supply and admission for Galactic Gunners project baseline.",NONE DECLARED IN SUPPLIED BASELINE,Founder project authority; commercial-use clearance classified for active production assets by this baseline.,assets/source_evidence/fonts/title_v1.0/source_package/OWNERSHIP_DECLARATION.md,REFERENCE_ONLY,No byte transformation performed during canonical placement; path/filename normalization only where recorded.
GG-EVIDENCE-SOURCE-EVIDENCE-FONTS-TITLE-V1-0-SOURCE-PACKAGE-SOURCE-NORMALIZED-GLYPHS-MASK-O,FOUNDER_SUPPLIED_SOURCE_REFERENCE,Complete title font v1.0 source/provenance/previews.,GalacticGunners.zip,GalacticGunners/assets/fonts/GalacticGunners_Title_Font_v1.0_PRODUCTION_COMPLETE/GalacticGunners_Title_Font_v1.0_PRODUCTION/SOURCE/NORMALIZED_GLYPHS_MASK/O.png,4455D92F3630CE92ABC012CAB8D2399ACEA989E38D2772F1AB50E15EBC2EAED5,Founder Michael Leese / Inceptivec supplied project estate,"Founder selection, direction, supply and admission for Galactic Gunners project baseline.",NONE DECLARED IN SUPPLIED BASELINE,Founder project authority; commercial-use clearance classified for active production assets by this baseline.,assets/source_evidence/fonts/title_v1.0/source_package/OWNERSHIP_DECLARATION.md,REFERENCE_ONLY,No byte transformation performed during canonical placement; path/filename normalization only where recorded.
GG-EVIDENCE-SOURCE-EVIDENCE-FONTS-TITLE-V1-0-SOURCE-PACKAGE-SOURCE-NORMALIZED-GLYPHS-MASK-P,FOUNDER_SUPPLIED_SOURCE_REFERENCE,Complete title font v1.0 source/provenance/previews.,GalacticGunners.zip,GalacticGunners/assets/fonts/GalacticGunners_Title_Font_v1.0_PRODUCTION_COMPLETE/GalacticGunners_Title_Font_v1.0_PRODUCTION/SOURCE/NORMALIZED_GLYPHS_MASK/P.png,1F0E6A5A3D49599C241EE0A669AB1CE3C1CC61B2F0B5BB10AB2FBBF7C101B466,Founder Michael Leese / Inceptivec supplied project estate,"Founder selection, direction, supply and admission for Galactic Gunners project baseline.",NONE DECLARED IN SUPPLIED BASELINE,Founder project authority; commercial-use clearance classified for active production assets by this baseline.,assets/source_evidence/fonts/title_v1.0/source_package/OWNERSHIP_DECLARATION.md,REFERENCE_ONLY,No byte transformation performed during canonical placement; path/filename normalization only where recorded.
GG-EVIDENCE-SOURCE-EVIDENCE-FONTS-TITLE-V1-0-SOURCE-PACKAGE-SOURCE-NORMALIZED-GLYPHS-MASK-Q,FOUNDER_SUPPLIED_SOURCE_REFERENCE,Complete title font v1.0 source/provenance/previews.,GalacticGunners.zip,GalacticGunners/assets/fonts/GalacticGunners_Title_Font_v1.0_PRODUCTION_COMPLETE/GalacticGunners_Title_Font_v1.0_PRODUCTION/SOURCE/NORMALIZED_GLYPHS_MASK/Q.png,82777254140A3936B7978E63E108F1B288A4F94FFF9AB84E61F1ACD57EE9FF27,Founder Michael Leese / Inceptivec supplied project estate,"Founder selection, direction, supply and admission for Galactic Gunners project baseline.",NONE DECLARED IN SUPPLIED BASELINE,Founder project authority; commercial-use clearance classified for active production assets by this baseline.,assets/source_evidence/fonts/title_v1.0/source_package/OWNERSHIP_DECLARATION.md,REFERENCE_ONLY,No byte transformation performed during canonical placement; path/filename normalization only where recorded.
GG-EVIDENCE-SOURCE-EVIDENCE-FONTS-TITLE-V1-0-SOURCE-PACKAGE-SOURCE-NORMALIZED-GLYPHS-MASK-R,FOUNDER_SUPPLIED_SOURCE_REFERENCE,Complete title font v1.0 source/provenance/previews.,GalacticGunners.zip,GalacticGunners/assets/fonts/GalacticGunners_Title_Font_v1.0_PRODUCTION_COMPLETE/GalacticGunners_Title_Font_v1.0_PRODUCTION/SOURCE/NORMALIZED_GLYPHS_MASK/R.png,A51C3922D7039D09E162E0B8CF49A1DFD7BBC148BCE30FB0A2C0262CA62E3EB3,Founder Michael Leese / Inceptivec supplied project estate,"Founder selection, direction, supply and admission for Galactic Gunners project baseline.",NONE DECLARED IN SUPPLIED BASELINE,Founder project authority; commercial-use clearance classified for active production assets by this baseline.,assets/source_evidence/fonts/title_v1.0/source_package/OWNERSHIP_DECLARATION.md,REFERENCE_ONLY,No byte transformation performed during canonical placement; path/filename normalization only where recorded.
GG-EVIDENCE-SOURCE-EVIDENCE-FONTS-TITLE-V1-0-SOURCE-PACKAGE-SOURCE-NORMALIZED-GLYPHS-MASK-S,FOUNDER_SUPPLIED_SOURCE_REFERENCE,Complete title font v1.0 source/provenance/previews.,GalacticGunners.zip,GalacticGunners/assets/fonts/GalacticGunners_Title_Font_v1.0_PRODUCTION_COMPLETE/GalacticGunners_Title_Font_v1.0_PRODUCTION/SOURCE/NORMALIZED_GLYPHS_MASK/S.png,DC239D212240E2D4DAE2283B3EB9F2D7A5641D3BAEBF0E03CD5BD7E84B0586AD,Founder Michael Leese / Inceptivec supplied project estate,"Founder selection, direction, supply and admission for Galactic Gunners project baseline.",NONE DECLARED IN SUPPLIED BASELINE,Founder project authority; commercial-use clearance classified for active production assets by this baseline.,assets/source_evidence/fonts/title_v1.0/source_package/OWNERSHIP_DECLARATION.md,REFERENCE_ONLY,No byte transformation performed during canonical placement; path/filename normalization only where recorded.
GG-EVIDENCE-SOURCE-EVIDENCE-FONTS-TITLE-V1-0-SOURCE-PACKAGE-SOURCE-NORMALIZED-GLYPHS-MASK-T,FOUNDER_SUPPLIED_SOURCE_REFERENCE,Complete title font v1.0 source/provenance/previews.,GalacticGunners.zip,GalacticGunners/assets/fonts/GalacticGunners_Title_Font_v1.0_PRODUCTION_COMPLETE/GalacticGunners_Title_Font_v1.0_PRODUCTION/SOURCE/NORMALIZED_GLYPHS_MASK/T.png,776CAAD1DEF1B88028528ABD4DC58DB8651786AFF7699D2077B2EB5451D54172,Founder Michael Leese / Inceptivec supplied project estate,"Founder selection, direction, supply and admission for Galactic Gunners project baseline.",NONE DECLARED IN SUPPLIED BASELINE,Founder project authority; commercial-use clearance classified for active production assets by this baseline.,assets/source_evidence/fonts/title_v1.0/source_package/OWNERSHIP_DECLARATION.md,REFERENCE_ONLY,No byte transformation performed during canonical placement; path/filename normalization only where recorded.
GG-EVIDENCE-SOURCE-EVIDENCE-FONTS-TITLE-V1-0-SOURCE-PACKAGE-SOURCE-NORMALIZED-GLYPHS-MASK-U,FOUNDER_SUPPLIED_SOURCE_REFERENCE,Complete title font v1.0 source/provenance/previews.,GalacticGunners.zip,GalacticGunners/assets/fonts/GalacticGunners_Title_Font_v1.0_PRODUCTION_COMPLETE/GalacticGunners_Title_Font_v1.0_PRODUCTION/SOURCE/NORMALIZED_GLYPHS_MASK/U.png,37ABCDF856F72F2F74D342277728C86716189816ABADEF492ADC461ED3D1906A,Founder Michael Leese / Inceptivec supplied project estate,"Founder selection, direction, supply and admission for Galactic Gunners project baseline.",NONE DECLARED IN SUPPLIED BASELINE,Founder project authority; commercial-use clearance classified for active production assets by this baseline.,assets/source_evidence/fonts/title_v1.0/source_package/OWNERSHIP_DECLARATION.md,REFERENCE_ONLY,No byte transformation performed during canonical placement; path/filename normalization only where recorded.
GG-EVIDENCE-SOURCE-EVIDENCE-FONTS-TITLE-V1-0-SOURCE-PACKAGE-SOURCE-NORMALIZED-GLYPHS-MASK-V,FOUNDER_SUPPLIED_SOURCE_REFERENCE,Complete title font v1.0 source/provenance/previews.,GalacticGunners.zip,GalacticGunners/assets/fonts/GalacticGunners_Title_Font_v1.0_PRODUCTION_COMPLETE/GalacticGunners_Title_Font_v1.0_PRODUCTION/SOURCE/NORMALIZED_GLYPHS_MASK/V.png,92F8135BB4B60409569322DB4CA62E83642FE28F637EC820931A43AB7DAEE8AE,Founder Michael Leese / Inceptivec supplied project estate,"Founder selection, direction, supply and admission for Galactic Gunners project baseline.",NONE DECLARED IN SUPPLIED BASELINE,Founder project authority; commercial-use clearance classified for active production assets by this baseline.,assets/source_evidence/fonts/title_v1.0/source_package/OWNERSHIP_DECLARATION.md,REFERENCE_ONLY,No byte transformation performed during canonical placement; path/filename normalization only where recorded.
GG-EVIDENCE-SOURCE-EVIDENCE-FONTS-TITLE-V1-0-SOURCE-PACKAGE-SOURCE-NORMALIZED-GLYPHS-MASK-W,FOUNDER_SUPPLIED_SOURCE_REFERENCE,Complete title font v1.0 source/provenance/previews.,GalacticGunners.zip,GalacticGunners/assets/fonts/GalacticGunners_Title_Font_v1.0_PRODUCTION_COMPLETE/GalacticGunners_Title_Font_v1.0_PRODUCTION/SOURCE/NORMALIZED_GLYPHS_MASK/W.png,53B759FA19273F3B9483DFD3EAFDFAE8F5A0E4FF3EF3A6297827E5E1C5168B4A,Founder Michael Leese / Inceptivec supplied project estate,"Founder selection, direction, supply and admission for Galactic Gunners project baseline.",NONE DECLARED IN SUPPLIED BASELINE,Founder project authority; commercial-use clearance classified for active production assets by this baseline.,assets/source_evidence/fonts/title_v1.0/source_package/OWNERSHIP_DECLARATION.md,REFERENCE_ONLY,No byte transformation performed during canonical placement; path/filename normalization only where recorded.
GG-EVIDENCE-SOURCE-EVIDENCE-FONTS-TITLE-V1-0-SOURCE-PACKAGE-SOURCE-NORMALIZED-GLYPHS-MASK-X,FOUNDER_SUPPLIED_SOURCE_REFERENCE,Complete title font v1.0 source/provenance/previews.,GalacticGunners.zip,GalacticGunners/assets/fonts/GalacticGunners_Title_Font_v1.0_PRODUCTION_COMPLETE/GalacticGunners_Title_Font_v1.0_PRODUCTION/SOURCE/NORMALIZED_GLYPHS_MASK/X.png,F2B0490B482D62A4837C7851676FF1C6F534E7A8A1B70010198B03FD4098D9FE,Founder Michael Leese / Inceptivec supplied project estate,"Founder selection, direction, supply and admission for Galactic Gunners project baseline.",NONE DECLARED IN SUPPLIED BASELINE,Founder project authority; commercial-use clearance classified for active production assets by this baseline.,assets/source_evidence/fonts/title_v1.0/source_package/OWNERSHIP_DECLARATION.md,REFERENCE_ONLY,No byte transformation performed during canonical placement; path/filename normalization only where recorded.
GG-EVIDENCE-SOURCE-EVIDENCE-FONTS-TITLE-V1-0-SOURCE-PACKAGE-SOURCE-NORMALIZED-GLYPHS-MASK-Y,FOUNDER_SUPPLIED_SOURCE_REFERENCE,Complete title font v1.0 source/provenance/previews.,GalacticGunners.zip,GalacticGunners/assets/fonts/GalacticGunners_Title_Font_v1.0_PRODUCTION_COMPLETE/GalacticGunners_Title_Font_v1.0_PRODUCTION/SOURCE/NORMALIZED_GLYPHS_MASK/Y.png,04A1FB5D18591C6F251166807D5F63BDF4A48D1B0D734A5D2246AD0576B10A36,Founder Michael Leese / Inceptivec supplied project estate,"Founder selection, direction, supply and admission for Galactic Gunners project baseline.",NONE DECLARED IN SUPPLIED BASELINE,Founder project authority; commercial-use clearance classified for active production assets by this baseline.,assets/source_evidence/fonts/title_v1.0/source_package/OWNERSHIP_DECLARATION.md,REFERENCE_ONLY,No byte transformation performed during canonical placement; path/filename normalization only where recorded.
GG-EVIDENCE-SOURCE-EVIDENCE-FONTS-TITLE-V1-0-SOURCE-PACKAGE-SOURCE-NORMALIZED-GLYPHS-MASK-Z,FOUNDER_SUPPLIED_SOURCE_REFERENCE,Complete title font v1.0 source/provenance/previews.,GalacticGunners.zip,GalacticGunners/assets/fonts/GalacticGunners_Title_Font_v1.0_PRODUCTION_COMPLETE/GalacticGunners_Title_Font_v1.0_PRODUCTION/SOURCE/NORMALIZED_GLYPHS_MASK/Z.png,9F21C4F54B6B8F9315CCAE0139F079C7F828EE2E780499D5B007C6C8C14FC099,Founder Michael Leese / Inceptivec supplied project estate,"Founder selection, direction, supply and admission for Galactic Gunners project baseline.",NONE DECLARED IN SUPPLIED BASELINE,Founder project authority; commercial-use clearance classified for active production assets by this baseline.,assets/source_evidence/fonts/title_v1.0/source_package/OWNERSHIP_DECLARATION.md,REFERENCE_ONLY,No byte transformation performed during canonical placement; path/filename normalization only where recorded.
GG-EVIDENCE-SOURCE-EVIDENCE-FONTS-TITLE-V1-0-SOURCE-PACKAGE-SOURCE-NORMALIZED-GLYPHS-RGBA-0,FOUNDER_SUPPLIED_SOURCE_REFERENCE,Complete title font v1.0 source/provenance/previews.,GalacticGunners.zip,GalacticGunners/assets/fonts/GalacticGunners_Title_Font_v1.0_PRODUCTION_COMPLETE/GalacticGunners_Title_Font_v1.0_PRODUCTION/SOURCE/NORMALIZED_GLYPHS_RGBA/0.png,5C51F81AACDA8C1A9B17CD669AA87FA470FFD041A29165CE94402D50496DC7AD,Founder Michael Leese / Inceptivec supplied project estate,"Founder selection, direction, supply and admission for Galactic Gunners project baseline.",NONE DECLARED IN SUPPLIED BASELINE,Founder project authority; commercial-use clearance classified for active production assets by this baseline.,assets/source_evidence/fonts/title_v1.0/source_package/OWNERSHIP_DECLARATION.md,REFERENCE_ONLY,No byte transformation performed during canonical placement; path/filename normalization only where recorded.
GG-EVIDENCE-SOURCE-EVIDENCE-FONTS-TITLE-V1-0-SOURCE-PACKAGE-SOURCE-NORMALIZED-GLYPHS-RGBA-1,FOUNDER_SUPPLIED_SOURCE_REFERENCE,Complete title font v1.0 source/provenance/previews.,GalacticGunners.zip,GalacticGunners/assets/fonts/GalacticGunners_Title_Font_v1.0_PRODUCTION_COMPLETE/GalacticGunners_Title_Font_v1.0_PRODUCTION/SOURCE/NORMALIZED_GLYPHS_RGBA/1.png,128782B2DAF9BBA79E33D9A6FD90B932B94FF7ACC627F3BC2F5CADFBF02D5409,Founder Michael Leese / Inceptivec supplied project estate,"Founder selection, direction, supply and admission for Galactic Gunners project baseline.",NONE DECLARED IN SUPPLIED BASELINE,Founder project authority; commercial-use clearance classified for active production assets by this baseline.,assets/source_evidence/fonts/title_v1.0/source_package/OWNERSHIP_DECLARATION.md,REFERENCE_ONLY,No byte transformation performed during canonical placement; path/filename normalization only where recorded.
GG-EVIDENCE-SOURCE-EVIDENCE-FONTS-TITLE-V1-0-SOURCE-PACKAGE-SOURCE-NORMALIZED-GLYPHS-RGBA-2,FOUNDER_SUPPLIED_SOURCE_REFERENCE,Complete title font v1.0 source/provenance/previews.,GalacticGunners.zip,GalacticGunners/assets/fonts/GalacticGunners_Title_Font_v1.0_PRODUCTION_COMPLETE/GalacticGunners_Title_Font_v1.0_PRODUCTION/SOURCE/NORMALIZED_GLYPHS_RGBA/2.png,BC9907189DE9A19AA5FA60E45A68049CCF4A292CC0298F12F74BB06AB470346C,Founder Michael Leese / Inceptivec supplied project estate,"Founder selection, direction, supply and admission for Galactic Gunners project baseline.",NONE DECLARED IN SUPPLIED BASELINE,Founder project authority; commercial-use clearance classified for active production assets by this baseline.,assets/source_evidence/fonts/title_v1.0/source_package/OWNERSHIP_DECLARATION.md,REFERENCE_ONLY,No byte transformation performed during canonical placement; path/filename normalization only where recorded.
GG-EVIDENCE-SOURCE-EVIDENCE-FONTS-TITLE-V1-0-SOURCE-PACKAGE-SOURCE-NORMALIZED-GLYPHS-RGBA-3,FOUNDER_SUPPLIED_SOURCE_REFERENCE,Complete title font v1.0 source/provenance/previews.,GalacticGunners.zip,GalacticGunners/assets/fonts/GalacticGunners_Title_Font_v1.0_PRODUCTION_COMPLETE/GalacticGunners_Title_Font_v1.0_PRODUCTION/SOURCE/NORMALIZED_GLYPHS_RGBA/3.png,A00BE8F36ED609D107BA61C53D159AD6ABEBE92DFC018B05D630AFE71C713173,Founder Michael Leese / Inceptivec supplied project estate,"Founder selection, direction, supply and admission for Galactic Gunners project baseline.",NONE DECLARED IN SUPPLIED BASELINE,Founder project authority; commercial-use clearance classified for active production assets by this baseline.,assets/source_evidence/fonts/title_v1.0/source_package/OWNERSHIP_DECLARATION.md,REFERENCE_ONLY,No byte transformation performed during canonical placement; path/filename normalization only where recorded.
GG-EVIDENCE-SOURCE-EVIDENCE-FONTS-TITLE-V1-0-SOURCE-PACKAGE-SOURCE-NORMALIZED-GLYPHS-RGBA-4,FOUNDER_SUPPLIED_SOURCE_REFERENCE,Complete title font v1.0 source/provenance/previews.,GalacticGunners.zip,GalacticGunners/assets/fonts/GalacticGunners_Title_Font_v1.0_PRODUCTION_COMPLETE/GalacticGunners_Title_Font_v1.0_PRODUCTION/SOURCE/NORMALIZED_GLYPHS_RGBA/4.png,5F32F5E9E6EB982CA2B9D467AE215135FBD30DF08CEF069A86A7466E79C5A8E4,Founder Michael Leese / Inceptivec supplied project estate,"Founder selection, direction, supply and admission for Galactic Gunners project baseline.",NONE DECLARED IN SUPPLIED BASELINE,Founder project authority; commercial-use clearance classified for active production assets by this baseline.,assets/source_evidence/fonts/title_v1.0/source_package/OWNERSHIP_DECLARATION.md,REFERENCE_ONLY,No byte transformation performed during canonical placement; path/filename normalization only where recorded.
GG-EVIDENCE-SOURCE-EVIDENCE-FONTS-TITLE-V1-0-SOURCE-PACKAGE-SOURCE-NORMALIZED-GLYPHS-RGBA-5,FOUNDER_SUPPLIED_SOURCE_REFERENCE,Complete title font v1.0 source/provenance/previews.,GalacticGunners.zip,GalacticGunners/assets/fonts/GalacticGunners_Title_Font_v1.0_PRODUCTION_COMPLETE/GalacticGunners_Title_Font_v1.0_PRODUCTION/SOURCE/NORMALIZED_GLYPHS_RGBA/5.png,4D0DAC6137F30740F615DD244A80F8AD035EAB86ED19D95F5FF4BE792B92A3A8,Founder Michael Leese / Inceptivec supplied project estate,"Founder selection, direction, supply and admission for Galactic Gunners project baseline.",NONE DECLARED IN SUPPLIED BASELINE,Founder project authority; commercial-use clearance classified for active production assets by this baseline.,assets/source_evidence/fonts/title_v1.0/source_package/OWNERSHIP_DECLARATION.md,REFERENCE_ONLY,No byte transformation performed during canonical placement; path/filename normalization only where recorded.
GG-EVIDENCE-SOURCE-EVIDENCE-FONTS-TITLE-V1-0-SOURCE-PACKAGE-SOURCE-NORMALIZED-GLYPHS-RGBA-6,FOUNDER_SUPPLIED_SOURCE_REFERENCE,Complete title font v1.0 source/provenance/previews.,GalacticGunners.zip,GalacticGunners/assets/fonts/GalacticGunners_Title_Font_v1.0_PRODUCTION_COMPLETE/GalacticGunners_Title_Font_v1.0_PRODUCTION/SOURCE/NORMALIZED_GLYPHS_RGBA/6.png,881121F2212E833E6D5F5804974B63EBDD5144039FB8ECA8E4218B8AEC6B5F7C,Founder Michael Leese / Inceptivec supplied project estate,"Founder selection, direction, supply and admission for Galactic Gunners project baseline.",NONE DECLARED IN SUPPLIED BASELINE,Founder project authority; commercial-use clearance classified for active production assets by this baseline.,assets/source_evidence/fonts/title_v1.0/source_package/OWNERSHIP_DECLARATION.md,REFERENCE_ONLY,No byte transformation performed during canonical placement; path/filename normalization only where recorded.
GG-EVIDENCE-SOURCE-EVIDENCE-FONTS-TITLE-V1-0-SOURCE-PACKAGE-SOURCE-NORMALIZED-GLYPHS-RGBA-7,FOUNDER_SUPPLIED_SOURCE_REFERENCE,Complete title font v1.0 source/provenance/previews.,GalacticGunners.zip,GalacticGunners/assets/fonts/GalacticGunners_Title_Font_v1.0_PRODUCTION_COMPLETE/GalacticGunners_Title_Font_v1.0_PRODUCTION/SOURCE/NORMALIZED_GLYPHS_RGBA/7.png,478EA6D405E7611967F6AFB27BFF85FD7795E27A694C2BF89FF12D15D8B51E8E,Founder Michael Leese / Inceptivec supplied project estate,"Founder selection, direction, supply and admission for Galactic Gunners project baseline.",NONE DECLARED IN SUPPLIED BASELINE,Founder project authority; commercial-use clearance classified for active production assets by this baseline.,assets/source_evidence/fonts/title_v1.0/source_package/OWNERSHIP_DECLARATION.md,REFERENCE_ONLY,No byte transformation performed during canonical placement; path/filename normalization only where recorded.
GG-EVIDENCE-SOURCE-EVIDENCE-FONTS-TITLE-V1-0-SOURCE-PACKAGE-SOURCE-NORMALIZED-GLYPHS-RGBA-8,FOUNDER_SUPPLIED_SOURCE_REFERENCE,Complete title font v1.0 source/provenance/previews.,GalacticGunners.zip,GalacticGunners/assets/fonts/GalacticGunners_Title_Font_v1.0_PRODUCTION_COMPLETE/GalacticGunners_Title_Font_v1.0_PRODUCTION/SOURCE/NORMALIZED_GLYPHS_RGBA/8.png,66BE911E3E772C4FCE60B63450AD7F3DADCC6A811B5AEEA753FB84E9A89A37AA,Founder Michael Leese / Inceptivec supplied project estate,"Founder selection, direction, supply and admission for Galactic Gunners project baseline.",NONE DECLARED IN SUPPLIED BASELINE,Founder project authority; commercial-use clearance classified for active production assets by this baseline.,assets/source_evidence/fonts/title_v1.0/source_package/OWNERSHIP_DECLARATION.md,REFERENCE_ONLY,No byte transformation performed during canonical placement; path/filename normalization only where recorded.
GG-EVIDENCE-SOURCE-EVIDENCE-FONTS-TITLE-V1-0-SOURCE-PACKAGE-SOURCE-NORMALIZED-GLYPHS-RGBA-9,FOUNDER_SUPPLIED_SOURCE_REFERENCE,Complete title font v1.0 source/provenance/previews.,GalacticGunners.zip,GalacticGunners/assets/fonts/GalacticGunners_Title_Font_v1.0_PRODUCTION_COMPLETE/GalacticGunners_Title_Font_v1.0_PRODUCTION/SOURCE/NORMALIZED_GLYPHS_RGBA/9.png,D47314F1B7C80598581B83C236007F9DA5CAB7902614B386DA09352A85F4BC2C,Founder Michael Leese / Inceptivec supplied project estate,"Founder selection, direction, supply and admission for Galactic Gunners project baseline.",NONE DECLARED IN SUPPLIED BASELINE,Founder project authority; commercial-use clearance classified for active production assets by this baseline.,assets/source_evidence/fonts/title_v1.0/source_package/OWNERSHIP_DECLARATION.md,REFERENCE_ONLY,No byte transformation performed during canonical placement; path/filename normalization only where recorded.
GG-EVIDENCE-SOURCE-EVIDENCE-FONTS-TITLE-V1-0-SOURCE-PACKAGE-SOURCE-NORMALIZED-GLYPHS-RGBA-A,FOUNDER_SUPPLIED_SOURCE_REFERENCE,Complete title font v1.0 source/provenance/previews.,GalacticGunners.zip,GalacticGunners/assets/fonts/GalacticGunners_Title_Font_v1.0_PRODUCTION_COMPLETE/GalacticGunners_Title_Font_v1.0_PRODUCTION/SOURCE/NORMALIZED_GLYPHS_RGBA/A.png,5E094EDCF2356BF46175C0B323F9E7BA9221CEC7D8836894F1BB452AAA23A346,Founder Michael Leese / Inceptivec supplied project estate,"Founder selection, direction, supply and admission for Galactic Gunners project baseline.",NONE DECLARED IN SUPPLIED BASELINE,Founder project authority; commercial-use clearance classified for active production assets by this baseline.,assets/source_evidence/fonts/title_v1.0/source_package/OWNERSHIP_DECLARATION.md,REFERENCE_ONLY,No byte transformation performed during canonical placement; path/filename normalization only where recorded.
GG-EVIDENCE-SOURCE-EVIDENCE-FONTS-TITLE-V1-0-SOURCE-PACKAGE-SOURCE-NORMALIZED-GLYPHS-RGBA-B,FOUNDER_SUPPLIED_SOURCE_REFERENCE,Complete title font v1.0 source/provenance/previews.,GalacticGunners.zip,GalacticGunners/assets/fonts/GalacticGunners_Title_Font_v1.0_PRODUCTION_COMPLETE/GalacticGunners_Title_Font_v1.0_PRODUCTION/SOURCE/NORMALIZED_GLYPHS_RGBA/B.png,58A28EC6DBD4FB4894DB88E56FF5C03034C30E67D388F9730B611144A14FB62E,Founder Michael Leese / Inceptivec supplied project estate,"Founder selection, direction, supply and admission for Galactic Gunners project baseline.",NONE DECLARED IN SUPPLIED BASELINE,Founder project authority; commercial-use clearance classified for active production assets by this baseline.,assets/source_evidence/fonts/title_v1.0/source_package/OWNERSHIP_DECLARATION.md,REFERENCE_ONLY,No byte transformation performed during canonical placement; path/filename normalization only where recorded.
GG-EVIDENCE-SOURCE-EVIDENCE-FONTS-TITLE-V1-0-SOURCE-PACKAGE-SOURCE-NORMALIZED-GLYPHS-RGBA-C,FOUNDER_SUPPLIED_SOURCE_REFERENCE,Complete title font v1.0 source/provenance/previews.,GalacticGunners.zip,GalacticGunners/assets/fonts/GalacticGunners_Title_Font_v1.0_PRODUCTION_COMPLETE/GalacticGunners_Title_Font_v1.0_PRODUCTION/SOURCE/NORMALIZED_GLYPHS_RGBA/C.png,14153BF7BFC9FEA7CD34BE82C9CEED6F8B74792EFE4BE6D6022B4A568AD6FCCE,Founder Michael Leese / Inceptivec supplied project estate,"Founder selection, direction, supply and admission for Galactic Gunners project baseline.",NONE DECLARED IN SUPPLIED BASELINE,Founder project authority; commercial-use clearance classified for active production assets by this baseline.,assets/source_evidence/fonts/title_v1.0/source_package/OWNERSHIP_DECLARATION.md,REFERENCE_ONLY,No byte transformation performed during canonical placement; path/filename normalization only where recorded.
GG-EVIDENCE-SOURCE-EVIDENCE-FONTS-TITLE-V1-0-SOURCE-PACKAGE-SOURCE-NORMALIZED-GLYPHS-RGBA-D,FOUNDER_SUPPLIED_SOURCE_REFERENCE,Complete title font v1.0 source/provenance/previews.,GalacticGunners.zip,GalacticGunners/assets/fonts/GalacticGunners_Title_Font_v1.0_PRODUCTION_COMPLETE/GalacticGunners_Title_Font_v1.0_PRODUCTION/SOURCE/NORMALIZED_GLYPHS_RGBA/D.png,F01AAE69C8B9B11C8967BA939BE237572EBA8E1D4AE3A3303E2F3549195E3CB7,Founder Michael Leese / Inceptivec supplied project estate,"Founder selection, direction, supply and admission for Galactic Gunners project baseline.",NONE DECLARED IN SUPPLIED BASELINE,Founder project authority; commercial-use clearance classified for active production assets by this baseline.,assets/source_evidence/fonts/title_v1.0/source_package/OWNERSHIP_DECLARATION.md,REFERENCE_ONLY,No byte transformation performed during canonical placement; path/filename normalization only where recorded.
GG-EVIDENCE-SOURCE-EVIDENCE-FONTS-TITLE-V1-0-SOURCE-PACKAGE-SOURCE-NORMALIZED-GLYPHS-RGBA-E,FOUNDER_SUPPLIED_SOURCE_REFERENCE,Complete title font v1.0 source/provenance/previews.,GalacticGunners.zip,GalacticGunners/assets/fonts/GalacticGunners_Title_Font_v1.0_PRODUCTION_COMPLETE/GalacticGunners_Title_Font_v1.0_PRODUCTION/SOURCE/NORMALIZED_GLYPHS_RGBA/E.png,32AB2B645561998A485970E4A664713700805773C6D61D18B9B028BF23805ED2,Founder Michael Leese / Inceptivec supplied project estate,"Founder selection, direction, supply and admission for Galactic Gunners project baseline.",NONE DECLARED IN SUPPLIED BASELINE,Founder project authority; commercial-use clearance classified for active production assets by this baseline.,assets/source_evidence/fonts/title_v1.0/source_package/OWNERSHIP_DECLARATION.md,REFERENCE_ONLY,No byte transformation performed during canonical placement; path/filename normalization only where recorded.
GG-EVIDENCE-SOURCE-EVIDENCE-FONTS-TITLE-V1-0-SOURCE-PACKAGE-SOURCE-NORMALIZED-GLYPHS-RGBA-F,FOUNDER_SUPPLIED_SOURCE_REFERENCE,Complete title font v1.0 source/provenance/previews.,GalacticGunners.zip,GalacticGunners/assets/fonts/GalacticGunners_Title_Font_v1.0_PRODUCTION_COMPLETE/GalacticGunners_Title_Font_v1.0_PRODUCTION/SOURCE/NORMALIZED_GLYPHS_RGBA/F.png,45630FF753DEEB5981791AB2FFF2C8F833768921C260E4B26065B243AFC7B932,Founder Michael Leese / Inceptivec supplied project estate,"Founder selection, direction, supply and admission for Galactic Gunners project baseline.",NONE DECLARED IN SUPPLIED BASELINE,Founder project authority; commercial-use clearance classified for active production assets by this baseline.,assets/source_evidence/fonts/title_v1.0/source_package/OWNERSHIP_DECLARATION.md,REFERENCE_ONLY,No byte transformation performed during canonical placement; path/filename normalization only where recorded.
GG-EVIDENCE-SOURCE-EVIDENCE-FONTS-TITLE-V1-0-SOURCE-PACKAGE-SOURCE-NORMALIZED-GLYPHS-RGBA-G,FOUNDER_SUPPLIED_SOURCE_REFERENCE,Complete title font v1.0 source/provenance/previews.,GalacticGunners.zip,GalacticGunners/assets/fonts/GalacticGunners_Title_Font_v1.0_PRODUCTION_COMPLETE/GalacticGunners_Title_Font_v1.0_PRODUCTION/SOURCE/NORMALIZED_GLYPHS_RGBA/G.png,C984272B3AD4F99EE3E8DDF68D49CB18985AF102A7AB3845A791AD8C7526E4CC,Founder Michael Leese / Inceptivec supplied project estate,"Founder selection, direction, supply and admission for Galactic Gunners project baseline.",NONE DECLARED IN SUPPLIED BASELINE,Founder project authority; commercial-use clearance classified for active production assets by this baseline.,assets/source_evidence/fonts/title_v1.0/source_package/OWNERSHIP_DECLARATION.md,REFERENCE_ONLY,No byte transformation performed during canonical placement; path/filename normalization only where recorded.
GG-EVIDENCE-SOURCE-EVIDENCE-FONTS-TITLE-V1-0-SOURCE-PACKAGE-SOURCE-NORMALIZED-GLYPHS-RGBA-H,FOUNDER_SUPPLIED_SOURCE_REFERENCE,Complete title font v1.0 source/provenance/previews.,GalacticGunners.zip,GalacticGunners/assets/fonts/GalacticGunners_Title_Font_v1.0_PRODUCTION_COMPLETE/GalacticGunners_Title_Font_v1.0_PRODUCTION/SOURCE/NORMALIZED_GLYPHS_RGBA/H.png,B5688155E30E578E7101C7C83AA50633098924FFD07ADF5C42CA645933EE1888,Founder Michael Leese / Inceptivec supplied project estate,"Founder selection, direction, supply and admission for Galactic Gunners project baseline.",NONE DECLARED IN SUPPLIED BASELINE,Founder project authority; commercial-use clearance classified for active production assets by this baseline.,assets/source_evidence/fonts/title_v1.0/source_package/OWNERSHIP_DECLARATION.md,REFERENCE_ONLY,No byte transformation performed during canonical placement; path/filename normalization only where recorded.
GG-EVIDENCE-SOURCE-EVIDENCE-FONTS-TITLE-V1-0-SOURCE-PACKAGE-SOURCE-NORMALIZED-GLYPHS-RGBA-I,FOUNDER_SUPPLIED_SOURCE_REFERENCE,Complete title font v1.0 source/provenance/previews.,GalacticGunners.zip,GalacticGunners/assets/fonts/GalacticGunners_Title_Font_v1.0_PRODUCTION_COMPLETE/GalacticGunners_Title_Font_v1.0_PRODUCTION/SOURCE/NORMALIZED_GLYPHS_RGBA/I.png,33FF5B6E0CB4A8F1B979D1B89EFFA37BA867464566B4A0932BB94904722FF1D1,Founder Michael Leese / Inceptivec supplied project estate,"Founder selection, direction, supply and admission for Galactic Gunners project baseline.",NONE DECLARED IN SUPPLIED BASELINE,Founder project authority; commercial-use clearance classified for active production assets by this baseline.,assets/source_evidence/fonts/title_v1.0/source_package/OWNERSHIP_DECLARATION.md,REFERENCE_ONLY,No byte transformation performed during canonical placement; path/filename normalization only where recorded.
GG-EVIDENCE-SOURCE-EVIDENCE-FONTS-TITLE-V1-0-SOURCE-PACKAGE-SOURCE-NORMALIZED-GLYPHS-RGBA-J,FOUNDER_SUPPLIED_SOURCE_REFERENCE,Complete title font v1.0 source/provenance/previews.,GalacticGunners.zip,GalacticGunners/assets/fonts/GalacticGunners_Title_Font_v1.0_PRODUCTION_COMPLETE/GalacticGunners_Title_Font_v1.0_PRODUCTION/SOURCE/NORMALIZED_GLYPHS_RGBA/J.png,93D0F1968036222F9FA01271BAB87AD24EC99776047136830FA850128FE30989,Founder Michael Leese / Inceptivec supplied project estate,"Founder selection, direction, supply and admission for Galactic Gunners project baseline.",NONE DECLARED IN SUPPLIED BASELINE,Founder project authority; commercial-use clearance classified for active production assets by this baseline.,assets/source_evidence/fonts/title_v1.0/source_package/OWNERSHIP_DECLARATION.md,REFERENCE_ONLY,No byte transformation performed during canonical placement; path/filename normalization only where recorded.
GG-EVIDENCE-SOURCE-EVIDENCE-FONTS-TITLE-V1-0-SOURCE-PACKAGE-SOURCE-NORMALIZED-GLYPHS-RGBA-K,FOUNDER_SUPPLIED_SOURCE_REFERENCE,Complete title font v1.0 source/provenance/previews.,GalacticGunners.zip,GalacticGunners/assets/fonts/GalacticGunners_Title_Font_v1.0_PRODUCTION_COMPLETE/GalacticGunners_Title_Font_v1.0_PRODUCTION/SOURCE/NORMALIZED_GLYPHS_RGBA/K.png,F9D15AEF0D0D851000B7DB35AF8CB102BA907950F4384622826C0E246FA4DA9A,Founder Michael Leese / Inceptivec supplied project estate,"Founder selection, direction, supply and admission for Galactic Gunners project baseline.",NONE DECLARED IN SUPPLIED BASELINE,Founder project authority; commercial-use clearance classified for active production assets by this baseline.,assets/source_evidence/fonts/title_v1.0/source_package/OWNERSHIP_DECLARATION.md,REFERENCE_ONLY,No byte transformation performed during canonical placement; path/filename normalization only where recorded.
GG-EVIDENCE-SOURCE-EVIDENCE-FONTS-TITLE-V1-0-SOURCE-PACKAGE-SOURCE-NORMALIZED-GLYPHS-RGBA-L,FOUNDER_SUPPLIED_SOURCE_REFERENCE,Complete title font v1.0 source/provenance/previews.,GalacticGunners.zip,GalacticGunners/assets/fonts/GalacticGunners_Title_Font_v1.0_PRODUCTION_COMPLETE/GalacticGunners_Title_Font_v1.0_PRODUCTION/SOURCE/NORMALIZED_GLYPHS_RGBA/L.png,D6C6D445C661DF002E76BFC76DC7CAC953FDA485172A2549BA720605E679A39E,Founder Michael Leese / Inceptivec supplied project estate,"Founder selection, direction, supply and admission for Galactic Gunners project baseline.",NONE DECLARED IN SUPPLIED BASELINE,Founder project authority; commercial-use clearance classified for active production assets by this baseline.,assets/source_evidence/fonts/title_v1.0/source_package/OWNERSHIP_DECLARATION.md,REFERENCE_ONLY,No byte transformation performed during canonical placement; path/filename normalization only where recorded.
GG-EVIDENCE-SOURCE-EVIDENCE-FONTS-TITLE-V1-0-SOURCE-PACKAGE-SOURCE-NORMALIZED-GLYPHS-RGBA-M,FOUNDER_SUPPLIED_SOURCE_REFERENCE,Complete title font v1.0 source/provenance/previews.,GalacticGunners.zip,GalacticGunners/assets/fonts/GalacticGunners_Title_Font_v1.0_PRODUCTION_COMPLETE/GalacticGunners_Title_Font_v1.0_PRODUCTION/SOURCE/NORMALIZED_GLYPHS_RGBA/M.png,D7EAA1312BC3203A718B4B42DE30073B665E8A866825F2253A0971EFE8E9E5BE,Founder Michael Leese / Inceptivec supplied project estate,"Founder selection, direction, supply and admission for Galactic Gunners project baseline.",NONE DECLARED IN SUPPLIED BASELINE,Founder project authority; commercial-use clearance classified for active production assets by this baseline.,assets/source_evidence/fonts/title_v1.0/source_package/OWNERSHIP_DECLARATION.md,REFERENCE_ONLY,No byte transformation performed during canonical placement; path/filename normalization only where recorded.
GG-EVIDENCE-SOURCE-EVIDENCE-FONTS-TITLE-V1-0-SOURCE-PACKAGE-SOURCE-NORMALIZED-GLYPHS-RGBA-N,FOUNDER_SUPPLIED_SOURCE_REFERENCE,Complete title font v1.0 source/provenance/previews.,GalacticGunners.zip,GalacticGunners/assets/fonts/GalacticGunners_Title_Font_v1.0_PRODUCTION_COMPLETE/GalacticGunners_Title_Font_v1.0_PRODUCTION/SOURCE/NORMALIZED_GLYPHS_RGBA/N.png,4D41F0839236B5AE00A4E8C4D7155661F9349A8739C9D0DB504DAB814452DDD6,Founder Michael Leese / Inceptivec supplied project estate,"Founder selection, direction, supply and admission for Galactic Gunners project baseline.",NONE DECLARED IN SUPPLIED BASELINE,Founder project authority; commercial-use clearance classified for active production assets by this baseline.,assets/source_evidence/fonts/title_v1.0/source_package/OWNERSHIP_DECLARATION.md,REFERENCE_ONLY,No byte transformation performed during canonical placement; path/filename normalization only where recorded.
GG-EVIDENCE-SOURCE-EVIDENCE-FONTS-TITLE-V1-0-SOURCE-PACKAGE-SOURCE-NORMALIZED-GLYPHS-RGBA-O,FOUNDER_SUPPLIED_SOURCE_REFERENCE,Complete title font v1.0 source/provenance/previews.,GalacticGunners.zip,GalacticGunners/assets/fonts/GalacticGunners_Title_Font_v1.0_PRODUCTION_COMPLETE/GalacticGunners_Title_Font_v1.0_PRODUCTION/SOURCE/NORMALIZED_GLYPHS_RGBA/O.png,8F59079F7EC527949792A89ABC2B691ADB1943B37FBCA64FAFE590450C4DD9F8,Founder Michael Leese / Inceptivec supplied project estate,"Founder selection, direction, supply and admission for Galactic Gunners project baseline.",NONE DECLARED IN SUPPLIED BASELINE,Founder project authority; commercial-use clearance classified for active production assets by this baseline.,assets/source_evidence/fonts/title_v1.0/source_package/OWNERSHIP_DECLARATION.md,REFERENCE_ONLY,No byte transformation performed during canonical placement; path/filename normalization only where recorded.
GG-EVIDENCE-SOURCE-EVIDENCE-FONTS-TITLE-V1-0-SOURCE-PACKAGE-SOURCE-NORMALIZED-GLYPHS-RGBA-P,FOUNDER_SUPPLIED_SOURCE_REFERENCE,Complete title font v1.0 source/provenance/previews.,GalacticGunners.zip,GalacticGunners/assets/fonts/GalacticGunners_Title_Font_v1.0_PRODUCTION_COMPLETE/GalacticGunners_Title_Font_v1.0_PRODUCTION/SOURCE/NORMALIZED_GLYPHS_RGBA/P.png,9DAB57605A3A50A9611AC44F58308851FF1C27D39E3DA915A494109EF9785B38,Founder Michael Leese / Inceptivec supplied project estate,"Founder selection, direction, supply and admission for Galactic Gunners project baseline.",NONE DECLARED IN SUPPLIED BASELINE,Founder project authority; commercial-use clearance classified for active production assets by this baseline.,assets/source_evidence/fonts/title_v1.0/source_package/OWNERSHIP_DECLARATION.md,REFERENCE_ONLY,No byte transformation performed during canonical placement; path/filename normalization only where recorded.
GG-EVIDENCE-SOURCE-EVIDENCE-FONTS-TITLE-V1-0-SOURCE-PACKAGE-SOURCE-NORMALIZED-GLYPHS-RGBA-Q,FOUNDER_SUPPLIED_SOURCE_REFERENCE,Complete title font v1.0 source/provenance/previews.,GalacticGunners.zip,GalacticGunners/assets/fonts/GalacticGunners_Title_Font_v1.0_PRODUCTION_COMPLETE/GalacticGunners_Title_Font_v1.0_PRODUCTION/SOURCE/NORMALIZED_GLYPHS_RGBA/Q.png,7E205DA2EDAC79F52788969FC4F7BF8E461B696FA01154ADE6C75AFA804C1943,Founder Michael Leese / Inceptivec supplied project estate,"Founder selection, direction, supply and admission for Galactic Gunners project baseline.",NONE DECLARED IN SUPPLIED BASELINE,Founder project authority; commercial-use clearance classified for active production assets by this baseline.,assets/source_evidence/fonts/title_v1.0/source_package/OWNERSHIP_DECLARATION.md,REFERENCE_ONLY,No byte transformation performed during canonical placement; path/filename normalization only where recorded.
GG-EVIDENCE-SOURCE-EVIDENCE-FONTS-TITLE-V1-0-SOURCE-PACKAGE-SOURCE-NORMALIZED-GLYPHS-RGBA-R,FOUNDER_SUPPLIED_SOURCE_REFERENCE,Complete title font v1.0 source/provenance/previews.,GalacticGunners.zip,GalacticGunners/assets/fonts/GalacticGunners_Title_Font_v1.0_PRODUCTION_COMPLETE/GalacticGunners_Title_Font_v1.0_PRODUCTION/SOURCE/NORMALIZED_GLYPHS_RGBA/R.png,9D58FC482532938EE9B1A1CFFC1108A5A998EC0B56A42196186F102C00C6A800,Founder Michael Leese / Inceptivec supplied project estate,"Founder selection, direction, supply and admission for Galactic Gunners project baseline.",NONE DECLARED IN SUPPLIED BASELINE,Founder project authority; commercial-use clearance classified for active production assets by this baseline.,assets/source_evidence/fonts/title_v1.0/source_package/OWNERSHIP_DECLARATION.md,REFERENCE_ONLY,No byte transformation performed during canonical placement; path/filename normalization only where recorded.
GG-EVIDENCE-SOURCE-EVIDENCE-FONTS-TITLE-V1-0-SOURCE-PACKAGE-SOURCE-NORMALIZED-GLYPHS-RGBA-S,FOUNDER_SUPPLIED_SOURCE_REFERENCE,Complete title font v1.0 source/provenance/previews.,GalacticGunners.zip,GalacticGunners/assets/fonts/GalacticGunners_Title_Font_v1.0_PRODUCTION_COMPLETE/GalacticGunners_Title_Font_v1.0_PRODUCTION/SOURCE/NORMALIZED_GLYPHS_RGBA/S.png,7D273FCF17BCD223DFE0D9ABA06597A5FEC3832C35265F0294655982F23AB49A,Founder Michael Leese / Inceptivec supplied project estate,"Founder selection, direction, supply and admission for Galactic Gunners project baseline.",NONE DECLARED IN SUPPLIED BASELINE,Founder project authority; commercial-use clearance classified for active production assets by this baseline.,assets/source_evidence/fonts/title_v1.0/source_package/OWNERSHIP_DECLARATION.md,REFERENCE_ONLY,No byte transformation performed during canonical placement; path/filename normalization only where recorded.
GG-EVIDENCE-SOURCE-EVIDENCE-FONTS-TITLE-V1-0-SOURCE-PACKAGE-SOURCE-NORMALIZED-GLYPHS-RGBA-T,FOUNDER_SUPPLIED_SOURCE_REFERENCE,Complete title font v1.0 source/provenance/previews.,GalacticGunners.zip,GalacticGunners/assets/fonts/GalacticGunners_Title_Font_v1.0_PRODUCTION_COMPLETE/GalacticGunners_Title_Font_v1.0_PRODUCTION/SOURCE/NORMALIZED_GLYPHS_RGBA/T.png,F1B0890A795CCAD3F8CE008AC7B7EDB0F4B6005E4F15C16C9F76A81FA52BE7BE,Founder Michael Leese / Inceptivec supplied project estate,"Founder selection, direction, supply and admission for Galactic Gunners project baseline.",NONE DECLARED IN SUPPLIED BASELINE,Founder project authority; commercial-use clearance classified for active production assets by this baseline.,assets/source_evidence/fonts/title_v1.0/source_package/OWNERSHIP_DECLARATION.md,REFERENCE_ONLY,No byte transformation performed during canonical placement; path/filename normalization only where recorded.
GG-EVIDENCE-SOURCE-EVIDENCE-FONTS-TITLE-V1-0-SOURCE-PACKAGE-SOURCE-NORMALIZED-GLYPHS-RGBA-U,FOUNDER_SUPPLIED_SOURCE_REFERENCE,Complete title font v1.0 source/provenance/previews.,GalacticGunners.zip,GalacticGunners/assets/fonts/GalacticGunners_Title_Font_v1.0_PRODUCTION_COMPLETE/GalacticGunners_Title_Font_v1.0_PRODUCTION/SOURCE/NORMALIZED_GLYPHS_RGBA/U.png,85A75E654A66ED6FE0AE1163EFE5656D6C2B42D27DAF3D3F0AB36D31FA130E83,Founder Michael Leese / Inceptivec supplied project estate,"Founder selection, direction, supply and admission for Galactic Gunners project baseline.",NONE DECLARED IN SUPPLIED BASELINE,Founder project authority; commercial-use clearance classified for active production assets by this baseline.,assets/source_evidence/fonts/title_v1.0/source_package/OWNERSHIP_DECLARATION.md,REFERENCE_ONLY,No byte transformation performed during canonical placement; path/filename normalization only where recorded.
GG-EVIDENCE-SOURCE-EVIDENCE-FONTS-TITLE-V1-0-SOURCE-PACKAGE-SOURCE-NORMALIZED-GLYPHS-RGBA-V,FOUNDER_SUPPLIED_SOURCE_REFERENCE,Complete title font v1.0 source/provenance/previews.,GalacticGunners.zip,GalacticGunners/assets/fonts/GalacticGunners_Title_Font_v1.0_PRODUCTION_COMPLETE/GalacticGunners_Title_Font_v1.0_PRODUCTION/SOURCE/NORMALIZED_GLYPHS_RGBA/V.png,031852D4CB1F5F73269F91C2B19D39D98961D0F10DB13C00D7568169958932A6,Founder Michael Leese / Inceptivec supplied project estate,"Founder selection, direction, supply and admission for Galactic Gunners project baseline.",NONE DECLARED IN SUPPLIED BASELINE,Founder project authority; commercial-use clearance classified for active production assets by this baseline.,assets/source_evidence/fonts/title_v1.0/source_package/OWNERSHIP_DECLARATION.md,REFERENCE_ONLY,No byte transformation performed during canonical placement; path/filename normalization only where recorded.
GG-EVIDENCE-SOURCE-EVIDENCE-FONTS-TITLE-V1-0-SOURCE-PACKAGE-SOURCE-NORMALIZED-GLYPHS-RGBA-W,FOUNDER_SUPPLIED_SOURCE_REFERENCE,Complete title font v1.0 source/provenance/previews.,GalacticGunners.zip,GalacticGunners/assets/fonts/GalacticGunners_Title_Font_v1.0_PRODUCTION_COMPLETE/GalacticGunners_Title_Font_v1.0_PRODUCTION/SOURCE/NORMALIZED_GLYPHS_RGBA/W.png,EEC2E441ABAC5FB61148000D63C7648696B548E4AC62E595538EE89D4764AE36,Founder Michael Leese / Inceptivec supplied project estate,"Founder selection, direction, supply and admission for Galactic Gunners project baseline.",NONE DECLARED IN SUPPLIED BASELINE,Founder project authority; commercial-use clearance classified for active production assets by this baseline.,assets/source_evidence/fonts/title_v1.0/source_package/OWNERSHIP_DECLARATION.md,REFERENCE_ONLY,No byte transformation performed during canonical placement; path/filename normalization only where recorded.
GG-EVIDENCE-SOURCE-EVIDENCE-FONTS-TITLE-V1-0-SOURCE-PACKAGE-SOURCE-NORMALIZED-GLYPHS-RGBA-X,FOUNDER_SUPPLIED_SOURCE_REFERENCE,Complete title font v1.0 source/provenance/previews.,GalacticGunners.zip,GalacticGunners/assets/fonts/GalacticGunners_Title_Font_v1.0_PRODUCTION_COMPLETE/GalacticGunners_Title_Font_v1.0_PRODUCTION/SOURCE/NORMALIZED_GLYPHS_RGBA/X.png,960B0BD9EA4EA484D5A6D56CB1F25C0DA72C1EE0CBDD057C61B645A063C6FDE0,Founder Michael Leese / Inceptivec supplied project estate,"Founder selection, direction, supply and admission for Galactic Gunners project baseline.",NONE DECLARED IN SUPPLIED BASELINE,Founder project authority; commercial-use clearance classified for active production assets by this baseline.,assets/source_evidence/fonts/title_v1.0/source_package/OWNERSHIP_DECLARATION.md,REFERENCE_ONLY,No byte transformation performed during canonical placement; path/filename normalization only where recorded.
GG-EVIDENCE-SOURCE-EVIDENCE-FONTS-TITLE-V1-0-SOURCE-PACKAGE-SOURCE-NORMALIZED-GLYPHS-RGBA-Y,FOUNDER_SUPPLIED_SOURCE_REFERENCE,Complete title font v1.0 source/provenance/previews.,GalacticGunners.zip,GalacticGunners/assets/fonts/GalacticGunners_Title_Font_v1.0_PRODUCTION_COMPLETE/GalacticGunners_Title_Font_v1.0_PRODUCTION/SOURCE/NORMALIZED_GLYPHS_RGBA/Y.png,5216716384E506995D7B655A4C726D44A0767CC24F0A7FAAB74AAE6CB71B7D29,Founder Michael Leese / Inceptivec supplied project estate,"Founder selection, direction, supply and admission for Galactic Gunners project baseline.",NONE DECLARED IN SUPPLIED BASELINE,Founder project authority; commercial-use clearance classified for active production assets by this baseline.,assets/source_evidence/fonts/title_v1.0/source_package/OWNERSHIP_DECLARATION.md,REFERENCE_ONLY,No byte transformation performed during canonical placement; path/filename normalization only where recorded.
GG-EVIDENCE-SOURCE-EVIDENCE-FONTS-TITLE-V1-0-SOURCE-PACKAGE-SOURCE-NORMALIZED-GLYPHS-RGBA-Z,FOUNDER_SUPPLIED_SOURCE_REFERENCE,Complete title font v1.0 source/provenance/previews.,GalacticGunners.zip,GalacticGunners/assets/fonts/GalacticGunners_Title_Font_v1.0_PRODUCTION_COMPLETE/GalacticGunners_Title_Font_v1.0_PRODUCTION/SOURCE/NORMALIZED_GLYPHS_RGBA/Z.png,8940FB097E1E1118F70DCCEFAA157D082D50C7C70FDA11C80314AB893AFCBF07,Founder Michael Leese / Inceptivec supplied project estate,"Founder selection, direction, supply and admission for Galactic Gunners project baseline.",NONE DECLARED IN SUPPLIED BASELINE,Founder project authority; commercial-use clearance classified for active production assets by this baseline.,assets/source_evidence/fonts/title_v1.0/source_package/OWNERSHIP_DECLARATION.md,REFERENCE_ONLY,No byte transformation performed during canonical placement; path/filename normalization only where recorded.
GG-EVIDENCE-SOURCE-EVIDENCE-VISUAL-RIGHTS-PACK-V1-0-GALACTICGUNNERS-VISUAL-ASSET-RIGHTS-PACK-V1-0-DOCUMENTS-,FOUNDER_SUPPLIED_SOURCE_REFERENCE,Founder-supplied visual asset rights pack; partial source register preserved as evidence only.,GalacticGunners.zip,GalacticGunners/assets/GalacticGunners_Visual_Asset_Rights_Pack_v1.0/GalacticGunners_Visual_Asset_Rights_Pack_v1.0/documents/01_GG_ASSET_OWNERSHIP_AND_PROVENANCE_STATEMENT_v1.0.docx,A5A6727DA70DDA03EE97830BB07F45B000B004E9182227EC6186762AD4227472,Founder Michael Leese / Inceptivec supplied project estate,"Founder selection, direction, supply and admission for Galactic Gunners project baseline.",NONE DECLARED IN SUPPLIED BASELINE,Founder project authority; commercial-use clearance classified for active production assets by this baseline.,assets/source_evidence/visual_rights_pack_v1.0/GalacticGunners_Visual_Asset_Rights_Pack_v1.0/documents/01_GG_ASSET_OWNERSHIP_AND_PROVENANCE_STATEMENT_v1.0.pdf,REFERENCE_ONLY,No byte transformation performed during canonical placement; path/filename normalization only where recorded.
GG-EVIDENCE-SOURCE-EVIDENCE-VISUAL-RIGHTS-PACK-V1-0-GALACTICGUNNERS-VISUAL-ASSET-RIGHTS-PACK-V1-0-DOCUMENTS--2,FOUNDER_SUPPLIED_SOURCE_REFERENCE,Founder-supplied visual asset rights pack; partial source register preserved as evidence only.,GalacticGunners.zip,GalacticGunners/assets/GalacticGunners_Visual_Asset_Rights_Pack_v1.0/GalacticGunners_Visual_Asset_Rights_Pack_v1.0/documents/01_GG_ASSET_OWNERSHIP_AND_PROVENANCE_STATEMENT_v1.0.pdf,B6E1E40811880A5F65753B970CC6D9D8055920FAEACBC6B0C085D9838451E508,Founder Michael Leese / Inceptivec supplied project estate,"Founder selection, direction, supply and admission for Galactic Gunners project baseline.",NONE DECLARED IN SUPPLIED BASELINE,Founder project authority; commercial-use clearance classified for active production assets by this baseline.,assets/source_evidence/visual_rights_pack_v1.0/GalacticGunners_Visual_Asset_Rights_Pack_v1.0/documents/01_GG_ASSET_OWNERSHIP_AND_PROVENANCE_STATEMENT_v1.0.pdf,REFERENCE_ONLY,No byte transformation performed during canonical placement; path/filename normalization only where recorded.
GG-EVIDENCE-SOURCE-EVIDENCE-VISUAL-RIGHTS-PACK-V1-0-GALACTICGUNNERS-VISUAL-ASSET-RIGHTS-PACK-V1-0-DOCUMENTS--3,FOUNDER_SUPPLIED_SOURCE_REFERENCE,Founder-supplied visual asset rights pack; partial source register preserved as evidence only.,GalacticGunners.zip,GalacticGunners/assets/GalacticGunners_Visual_Asset_Rights_Pack_v1.0/GalacticGunners_Visual_Asset_Rights_Pack_v1.0/documents/02_GG_COMMERCIAL_VISUAL_ASSET_LICENCE_v1.0.docx,A72F1A9E333C7EC735354E18E7754353BD744956F66FDF231C6814E30AFE70F0,Founder Michael Leese / Inceptivec supplied project estate,"Founder selection, direction, supply and admission for Galactic Gunners project baseline.",NONE DECLARED IN SUPPLIED BASELINE,Founder project authority; commercial-use clearance classified for active production assets by this baseline.,assets/source_evidence/visual_rights_pack_v1.0/GalacticGunners_Visual_Asset_Rights_Pack_v1.0/documents/01_GG_ASSET_OWNERSHIP_AND_PROVENANCE_STATEMENT_v1.0.pdf,REFERENCE_ONLY,No byte transformation performed during canonical placement; path/filename normalization only where recorded.
GG-EVIDENCE-SOURCE-EVIDENCE-VISUAL-RIGHTS-PACK-V1-0-GALACTICGUNNERS-VISUAL-ASSET-RIGHTS-PACK-V1-0-DOCUMENTS--4,FOUNDER_SUPPLIED_SOURCE_REFERENCE,Founder-supplied visual asset rights pack; partial source register preserved as evidence only.,GalacticGunners.zip,GalacticGunners/assets/GalacticGunners_Visual_Asset_Rights_Pack_v1.0/GalacticGunners_Visual_Asset_Rights_Pack_v1.0/documents/02_GG_COMMERCIAL_VISUAL_ASSET_LICENCE_v1.0.pdf,9F8B363F65D0CB5DDD7084AF86DB3E11ECD53333D945A92A0BCEF4B2EA77243C,Founder Michael Leese / Inceptivec supplied project estate,"Founder selection, direction, supply and admission for Galactic Gunners project baseline.",NONE DECLARED IN SUPPLIED BASELINE,Founder project authority; commercial-use clearance classified for active production assets by this baseline.,assets/source_evidence/visual_rights_pack_v1.0/GalacticGunners_Visual_Asset_Rights_Pack_v1.0/documents/01_GG_ASSET_OWNERSHIP_AND_PROVENANCE_STATEMENT_v1.0.pdf,REFERENCE_ONLY,No byte transformation performed during canonical placement; path/filename normalization only where recorded.
GG-EVIDENCE-SOURCE-EVIDENCE-VISUAL-RIGHTS-PACK-V1-0-GALACTICGUNNERS-VISUAL-ASSET-RIGHTS-PACK-V1-0-DOCUMENTS--5,FOUNDER_SUPPLIED_SOURCE_REFERENCE,Founder-supplied visual asset rights pack; partial source register preserved as evidence only.,GalacticGunners.zip,GalacticGunners/assets/GalacticGunners_Visual_Asset_Rights_Pack_v1.0/GalacticGunners_Visual_Asset_Rights_Pack_v1.0/documents/03_GG_CONTRIBUTOR_IP_ASSIGNMENT_TEMPLATE_v1.0.docx,6F92668DE1B54F06773396DA4892943070DF6E7AAD9F144B12E5CCA1E779A41A,Founder Michael Leese / Inceptivec supplied project estate,"Founder selection, direction, supply and admission for Galactic Gunners project baseline.",NONE DECLARED IN SUPPLIED BASELINE,Founder project authority; commercial-use clearance classified for active production assets by this baseline.,assets/source_evidence/visual_rights_pack_v1.0/GalacticGunners_Visual_Asset_Rights_Pack_v1.0/documents/01_GG_ASSET_OWNERSHIP_AND_PROVENANCE_STATEMENT_v1.0.pdf,REFERENCE_ONLY,No byte transformation performed during canonical placement; path/filename normalization only where recorded.
GG-EVIDENCE-SOURCE-EVIDENCE-VISUAL-RIGHTS-PACK-V1-0-GALACTICGUNNERS-VISUAL-ASSET-RIGHTS-PACK-V1-0-DOCUMENTS--6,FOUNDER_SUPPLIED_SOURCE_REFERENCE,Founder-supplied visual asset rights pack; partial source register preserved as evidence only.,GalacticGunners.zip,GalacticGunners/assets/GalacticGunners_Visual_Asset_Rights_Pack_v1.0/GalacticGunners_Visual_Asset_Rights_Pack_v1.0/documents/03_GG_CONTRIBUTOR_IP_ASSIGNMENT_TEMPLATE_v1.0.pdf,E5D50BDC1851418DF7543AD33444D50C7D12292891DF75C83F5F98A783A906E8,Founder Michael Leese / Inceptivec supplied project estate,"Founder selection, direction, supply and admission for Galactic Gunners project baseline.",NONE DECLARED IN SUPPLIED BASELINE,Founder project authority; commercial-use clearance classified for active production assets by this baseline.,assets/source_evidence/visual_rights_pack_v1.0/GalacticGunners_Visual_Asset_Rights_Pack_v1.0/documents/01_GG_ASSET_OWNERSHIP_AND_PROVENANCE_STATEMENT_v1.0.pdf,REFERENCE_ONLY,No byte transformation performed during canonical placement; path/filename normalization only where recorded.
GG-EVIDENCE-SOURCE-EVIDENCE-VISUAL-RIGHTS-PACK-V1-0-GALACTICGUNNERS-VISUAL-ASSET-RIGHTS-PACK-V1-0-DOCUMENTS--7,FOUNDER_SUPPLIED_SOURCE_REFERENCE,Founder-supplied visual asset rights pack; partial source register preserved as evidence only.,GalacticGunners.zip,GalacticGunners/assets/GalacticGunners_Visual_Asset_Rights_Pack_v1.0/GalacticGunners_Visual_Asset_Rights_Pack_v1.0/documents/04_GG_FILENAME_AND_ASSET_REGISTER_GUIDE_v1.0.docx,82AD365C78461AA058A5E42B7C4A353310654781C4B3D0561AC9B1A6415224B9,Founder Michael Leese / Inceptivec supplied project estate,"Founder selection, direction, supply and admission for Galactic Gunners project baseline.",NONE DECLARED IN SUPPLIED BASELINE,Founder project authority; commercial-use clearance classified for active production assets by this baseline.,assets/source_evidence/visual_rights_pack_v1.0/GalacticGunners_Visual_Asset_Rights_Pack_v1.0/documents/01_GG_ASSET_OWNERSHIP_AND_PROVENANCE_STATEMENT_v1.0.pdf,REFERENCE_ONLY,No byte transformation performed during canonical placement; path/filename normalization only where recorded.
GG-EVIDENCE-SOURCE-EVIDENCE-VISUAL-RIGHTS-PACK-V1-0-GALACTICGUNNERS-VISUAL-ASSET-RIGHTS-PACK-V1-0-DOCUMENTS--8,FOUNDER_SUPPLIED_SOURCE_REFERENCE,Founder-supplied visual asset rights pack; partial source register preserved as evidence only.,GalacticGunners.zip,GalacticGunners/assets/GalacticGunners_Visual_Asset_Rights_Pack_v1.0/GalacticGunners_Visual_Asset_Rights_Pack_v1.0/documents/04_GG_FILENAME_AND_ASSET_REGISTER_GUIDE_v1.0.pdf,D58D6AD7B92C0BBA6340629ACC45BEED83EBA193D4FC16AAEF22D88274AF5F63,Founder Michael Leese / Inceptivec supplied project estate,"Founder selection, direction, supply and admission for Galactic Gunners project baseline.",NONE DECLARED IN SUPPLIED BASELINE,Founder project authority; commercial-use clearance classified for active production assets by this baseline.,assets/source_evidence/visual_rights_pack_v1.0/GalacticGunners_Visual_Asset_Rights_Pack_v1.0/documents/01_GG_ASSET_OWNERSHIP_AND_PROVENANCE_STATEMENT_v1.0.pdf,REFERENCE_ONLY,No byte transformation performed during canonical placement; path/filename normalization only where recorded.
GG-EVIDENCE-SOURCE-EVIDENCE-VISUAL-RIGHTS-PACK-V1-0-GALACTICGUNNERS-VISUAL-ASSET-RIGHTS-PACK-V1-0-README,FOUNDER_SUPPLIED_SOURCE_REFERENCE,Founder-supplied visual asset rights pack; partial source register preserved as evidence only.,GalacticGunners.zip,GalacticGunners/assets/GalacticGunners_Visual_Asset_Rights_Pack_v1.0/GalacticGunners_Visual_Asset_Rights_Pack_v1.0/README.md,9904BB6C20658BEC91B1FEE508D0C3FB80CFF3D7CB4B2C833EED5D93EE5A8DE6,Founder Michael Leese / Inceptivec supplied project estate,"Founder selection, direction, supply and admission for Galactic Gunners project baseline.",NONE DECLARED IN SUPPLIED BASELINE,Founder project authority; commercial-use clearance classified for active production assets by this baseline.,assets/source_evidence/visual_rights_pack_v1.0/GalacticGunners_Visual_Asset_Rights_Pack_v1.0/documents/01_GG_ASSET_OWNERSHIP_AND_PROVENANCE_STATEMENT_v1.0.pdf,REFERENCE_ONLY,No byte transformation performed during canonical placement; path/filename normalization only where recorded.
GG-EVIDENCE-SOURCE-EVIDENCE-VISUAL-RIGHTS-PACK-V1-0-GALACTICGUNNERS-VISUAL-ASSET-RIGHTS-PACK-V1-0-REGISTERS-,FOUNDER_SUPPLIED_SOURCE_REFERENCE,Founder-supplied visual asset rights pack; partial source register preserved as evidence only.,GalacticGunners.zip,GalacticGunners/assets/GalacticGunners_Visual_Asset_Rights_Pack_v1.0/GalacticGunners_Visual_Asset_Rights_Pack_v1.0/registers/GG_ASSET_REGISTER_v1.0.csv,7B27261CFB2141AC73353CB466FF8945EBB031872F3E96686B2E7FA9447D01C8,Founder Michael Leese / Inceptivec supplied project estate,"Founder selection, direction, supply and admission for Galactic Gunners project baseline.",NONE DECLARED IN SUPPLIED BASELINE,Founder project authority; commercial-use clearance classified for active production assets by this baseline.,assets/source_evidence/visual_rights_pack_v1.0/GalacticGunners_Visual_Asset_Rights_Pack_v1.0/documents/01_GG_ASSET_OWNERSHIP_AND_PROVENANCE_STATEMENT_v1.0.pdf,REFERENCE_ONLY,No byte transformation performed during canonical placement; path/filename normalization only where recorded.
GG-EVIDENCE-SOURCE-EVIDENCE-VISUAL-RIGHTS-PACK-V1-0-GALACTICGUNNERS-VISUAL-ASSET-RIGHTS-PACK-V1-0-REGISTERS--2,FOUNDER_SUPPLIED_SOURCE_REFERENCE,Founder-supplied visual asset rights pack; partial source register preserved as evidence only.,GalacticGunners.zip,GalacticGunners/assets/GalacticGunners_Visual_Asset_Rights_Pack_v1.0/GalacticGunners_Visual_Asset_Rights_Pack_v1.0/registers/GG_FILENAME_RENAME_LOG_v1.0.csv,5398F4706912C2C570DDD5B0D99E7D01F13A5FB6268FC7C631BFFBF8C0679603,Founder Michael Leese / Inceptivec supplied project estate,"Founder selection, direction, supply and admission for Galactic Gunners project baseline.",NONE DECLARED IN SUPPLIED BASELINE,Founder project authority; commercial-use clearance classified for active production assets by this baseline.,assets/source_evidence/visual_rights_pack_v1.0/GalacticGunners_Visual_Asset_Rights_Pack_v1.0/documents/01_GG_ASSET_OWNERSHIP_AND_PROVENANCE_STATEMENT_v1.0.pdf,REFERENCE_ONLY,No byte transformation performed during canonical placement; path/filename normalization only where recorded.
GG-EVIDENCE-SOURCE-EVIDENCE-VISUAL-RIGHTS-PACK-V1-0-GALACTICGUNNERS-VISUAL-ASSET-RIGHTS-PACK-V1-0-SHA256SUMS,FOUNDER_SUPPLIED_SOURCE_REFERENCE,Founder-supplied visual asset rights pack; partial source register preserved as evidence only.,GalacticGunners.zip,GalacticGunners/assets/GalacticGunners_Visual_Asset_Rights_Pack_v1.0/GalacticGunners_Visual_Asset_Rights_Pack_v1.0/SHA256SUMS.txt,D32ABD1B1F4A625C28F44B8FA3D96EB0EF7F9532A70ED4095DF7CE8A6DACC002,Founder Michael Leese / Inceptivec supplied project estate,"Founder selection, direction, supply and admission for Galactic Gunners project baseline.",NONE DECLARED IN SUPPLIED BASELINE,Founder project authority; commercial-use clearance classified for active production assets by this baseline.,assets/source_evidence/visual_rights_pack_v1.0/GalacticGunners_Visual_Asset_Rights_Pack_v1.0/documents/01_GG_ASSET_OWNERSHIP_AND_PROVENANCE_STATEMENT_v1.0.pdf,REFERENCE_ONLY,No byte transformation performed during canonical placement; path/filename normalization only where recorded.
GG-EVIDENCE-SOURCE-EVIDENCE-VISUAL-RIGHTS-PACK-V1-0-GALACTICGUNNERS-VISUAL-ASSET-RIGHTS-PACK-V1-0-TOOLS-UPDA,FOUNDER_SUPPLIED_SOURCE_REFERENCE,Founder-supplied visual asset rights pack; partial source register preserved as evidence only.,GalacticGunners.zip,GalacticGunners/assets/GalacticGunners_Visual_Asset_Rights_Pack_v1.0/GalacticGunners_Visual_Asset_Rights_Pack_v1.0/tools/UPDATE_ASSET_REGISTER.ps1,882CD0BE5B312D62D865E77C25D612831BA6A261D9E21F5F826432C484B57C8E,Founder Michael Leese / Inceptivec supplied project estate,"Founder selection, direction, supply and admission for Galactic Gunners project baseline.",NONE DECLARED IN SUPPLIED BASELINE,Founder project authority; commercial-use clearance classified for active production assets by this baseline.,assets/source_evidence/visual_rights_pack_v1.0/GalacticGunners_Visual_Asset_Rights_Pack_v1.0/documents/01_GG_ASSET_OWNERSHIP_AND_PROVENANCE_STATEMENT_v1.0.pdf,REFERENCE_ONLY,No byte transformation performed during canonical placement; path/filename normalization only where recorded.
GG-EVIDENCE-SOURCE-EVIDENCE-VISUAL-RIGHTS-PACK-V1-0-README,FOUNDER_SUPPLIED_SOURCE_REFERENCE,Founder-supplied visual asset rights pack; partial source register preserved as evidence only.,GalacticGunners.zip,GalacticGunners/assets/GalacticGunners_Visual_Asset_Rights_Pack_v1.0/README.md,A63C82CCD6DF9533445AF08F3BBA04B407891C1F187E576F9A723E28EF4805F9,Founder Michael Leese / Inceptivec supplied project estate,"Founder selection, direction, supply and admission for Galactic Gunners project baseline.",NONE DECLARED IN SUPPLIED BASELINE,Founder project authority; commercial-use clearance classified for active production assets by this baseline.,assets/source_evidence/visual_rights_pack_v1.0/GalacticGunners_Visual_Asset_Rights_Pack_v1.0/documents/01_GG_ASSET_OWNERSHIP_AND_PROVENANCE_STATEMENT_v1.0.pdf,REFERENCE_ONLY,No byte transformation performed during canonical placement; path/filename normalization only where recorded.
GG-FONT-FONTS-DISPLAY-V1-3-DESKTOP-GALACTICGUNNERSDISPLAY-REGULAR-V1-3,FOUNDER_PROJECT_OWNED_OUTPUT,Founder-supplied production display font v1.3 desktop OTF.,GalacticGunners.zip,GalacticGunners/assets/fonts/GalacticGunnersDisplay_v1.3_PRODUCTION_COMPLETE/GalacticGunnersDisplay_v1.3_PRODUCTION/GalacticGunnersDisplay-Regular-v1.3.otf,074DCC663779AE3AC6C32E7A9438F7414C7E4F0182F814FBE99ED6F997120A05,Founder Michael Leese / Inceptivec supplied project estate,"Founder selection, direction, supply and admission for Galactic Gunners project baseline.",NONE DECLARED IN SUPPLIED BASELINE,Founder project authority; commercial-use clearance classified for active production assets by this baseline.,assets/source_evidence/fonts/display_v1.3/OWNERSHIP_DECLARATION.md,CLEARED,No byte transformation performed during canonical placement; path/filename normalization only where recorded.
GG-FONT-FONTS-DISPLAY-V1-3-WEB-GALACTIC-GUNNERS-DISPLAY,FOUNDER_PROJECT_OWNED_OUTPUT,Founder-supplied production display font v1.3 web files.,GalacticGunners.zip,GalacticGunners/assets/fonts/GalacticGunnersDisplay_v1.3_PRODUCTION_COMPLETE/GalacticGunnersDisplay_v1.3_PRODUCTION/WEB/galactic-gunners-display.css,7F4ABBE6DE195EFFB233ABE861F631F158468B08B056D00243850CDEA2401075,Founder Michael Leese / Inceptivec supplied project estate,"Founder selection, direction, supply and admission for Galactic Gunners project baseline.",NONE DECLARED IN SUPPLIED BASELINE,Founder project authority; commercial-use clearance classified for active production assets by this baseline.,assets/source_evidence/fonts/display_v1.3/OWNERSHIP_DECLARATION.md,CLEARED,No byte transformation performed during canonical placement; path/filename normalization only where recorded.
GG-FONT-FONTS-GOLD-DISPLAY-V1-0-GALACTICGUNNERS-GOLD-DISPLAY-FONT-V1-0-PRODUCTION-DESKTOP-GALACTICGUNNER,FOUNDER_PROJECT_OWNED_OUTPUT,"Nested production font package GG_Gold_Font_Production_v1; ZIP transport unpacked inspectably, ZIP not retained.",GalacticGunners.zip / GG_Gold_Font_Production_v1.zip,GalacticGunners/assets/fonts/GG_Gold_Font_Production_v1.zip::GalacticGunners_Gold_Display_Font_v1.0_PRODUCTION/desktop/GalacticGunnersGoldDisplay-Regular.otf,80F693BF4E88853E0060234C3435CD9B1156CA2CE369798B6904AA6A05BB9FFF,Founder Michael Leese / Inceptivec supplied project estate,"Founder selection, direction, supply and admission for Galactic Gunners project baseline.",NONE DECLARED IN SUPPLIED BASELINE,Founder project authority; commercial-use clearance classified for active production assets by this baseline.,assets/source_evidence/fonts/gold_display_v1.0/source_package/README.md,CLEARED,Nested ZIP transport was unpacked; member bytes copied unchanged.
GG-FONT-FONTS-GOLD-DISPLAY-V1-0-GALACTICGUNNERS-GOLD-DISPLAY-FONT-V1-0-PRODUCTION-DESKTOP-GALACTICGUNNER-2,FOUNDER_PROJECT_OWNED_OUTPUT,"Nested production font package GG_Gold_Font_Production_v1; ZIP transport unpacked inspectably, ZIP not retained.",GalacticGunners.zip / GG_Gold_Font_Production_v1.zip,GalacticGunners/assets/fonts/GG_Gold_Font_Production_v1.zip::GalacticGunners_Gold_Display_Font_v1.0_PRODUCTION/desktop/GalacticGunnersGoldDisplay-Regular.ttf,7EF409DD28E9064894C4630237BD540E0D7D9FC935B6913492A312E6E0CEC99D,Founder Michael Leese / Inceptivec supplied project estate,"Founder selection, direction, supply and admission for Galactic Gunners project baseline.",NONE DECLARED IN SUPPLIED BASELINE,Founder project authority; commercial-use clearance classified for active production assets by this baseline.,assets/source_evidence/fonts/gold_display_v1.0/source_package/README.md,CLEARED,Nested ZIP transport was unpacked; member bytes copied unchanged.
GG-FONT-FONTS-GOLD-DISPLAY-V1-0-GALACTICGUNNERS-GOLD-DISPLAY-FONT-V1-0-PRODUCTION-WEB-GALACTIC-GUNNERS-G,FOUNDER_PROJECT_OWNED_OUTPUT,"Nested production font package GG_Gold_Font_Production_v1; ZIP transport unpacked inspectably, ZIP not retained.",GalacticGunners.zip / GG_Gold_Font_Production_v1.zip,GalacticGunners/assets/fonts/GG_Gold_Font_Production_v1.zip::GalacticGunners_Gold_Display_Font_v1.0_PRODUCTION/web/galactic-gunners-gold.css,B7113B324D2870491D3819BF17B75E296751EB23B12CA45DE4D35F6F535B8CFA,Founder Michael Leese / Inceptivec supplied project estate,"Founder selection, direction, supply and admission for Galactic Gunners project baseline.",NONE DECLARED IN SUPPLIED BASELINE,Founder project authority; commercial-use clearance classified for active production assets by this baseline.,assets/source_evidence/fonts/gold_display_v1.0/source_package/README.md,CLEARED,Nested ZIP transport was unpacked; member bytes copied unchanged.
GG-FONT-FONTS-GOLD-DISPLAY-V1-0-GALACTICGUNNERS-GOLD-DISPLAY-FONT-V1-0-PRODUCTION-WEB-GALACTICGUNNERSGOL,FOUNDER_PROJECT_OWNED_OUTPUT,"Nested production font package GG_Gold_Font_Production_v1; ZIP transport unpacked inspectably, ZIP not retained.",GalacticGunners.zip / GG_Gold_Font_Production_v1.zip,GalacticGunners/assets/fonts/GG_Gold_Font_Production_v1.zip::GalacticGunners_Gold_Display_Font_v1.0_PRODUCTION/web/GalacticGunnersGoldDisplay-Regular.woff,42EFE7EABD087DB52A08637B356C4D5AB25E739EFA053833952543C8454BED23,Founder Michael Leese / Inceptivec supplied project estate,"Founder selection, direction, supply and admission for Galactic Gunners project baseline.",NONE DECLARED IN SUPPLIED BASELINE,Founder project authority; commercial-use clearance classified for active production assets by this baseline.,assets/source_evidence/fonts/gold_display_v1.0/source_package/README.md,CLEARED,Nested ZIP transport was unpacked; member bytes copied unchanged.
GG-FONT-FONTS-GOLD-DISPLAY-V1-0-GALACTICGUNNERS-GOLD-DISPLAY-FONT-V1-0-PRODUCTION-WEB-GALACTICGUNNERSGOL-2,FOUNDER_PROJECT_OWNED_OUTPUT,"Nested production font package GG_Gold_Font_Production_v1; ZIP transport unpacked inspectably, ZIP not retained.",GalacticGunners.zip / GG_Gold_Font_Production_v1.zip,GalacticGunners/assets/fonts/GG_Gold_Font_Production_v1.zip::GalacticGunners_Gold_Display_Font_v1.0_PRODUCTION/web/GalacticGunnersGoldDisplay-Regular.woff2,8EF834D1046F7C95F0A257512B33E80030F98BF6E2A21B22B2DC25B774089F4B,Founder Michael Leese / Inceptivec supplied project estate,"Founder selection, direction, supply and admission for Galactic Gunners project baseline.",NONE DECLARED IN SUPPLIED BASELINE,Founder project authority; commercial-use clearance classified for active production assets by this baseline.,assets/source_evidence/fonts/gold_display_v1.0/source_package/README.md,CLEARED,Nested ZIP transport was unpacked; member bytes copied unchanged.
GG-FONT-FONTS-HUD-V1-0-GALACTICGUNNERSHUD-FONT-V1-0-PRODUCTION-FONTS-GALACTICGUNNERSHUD-REGULAR,FOUNDER_PROJECT_OWNED_OUTPUT,"Nested production font package GalacticGunnersHUD_Font_v1.0_PRODUCTION; ZIP transport unpacked inspectably, ZIP not retained.",GalacticGunners.zip / GalacticGunnersHUD_Font_v1.0_PRODUCTION.zip,GalacticGunners/assets/fonts/GalacticGunnersHUD_Font_v1.0_PRODUCTION.zip::GalacticGunnersHUD_Font_v1.0_PRODUCTION/fonts/GalacticGunnersHUD-Regular.otf,982E2154F358DD1C89F875AC773E445D06DA36FC2237F3FB4A1CE7980B49ECA5,Founder Michael Leese / Inceptivec supplied project estate,"Founder selection, direction, supply and admission for Galactic Gunners project baseline.",NONE DECLARED IN SUPPLIED BASELINE,Founder project authority; commercial-use clearance classified for active production assets by this baseline.,assets/source_evidence/fonts/hud_v1.0/source_package/README.md,CLEARED,Nested ZIP transport was unpacked; member bytes copied unchanged.
GG-FONT-FONTS-HUD-V1-0-GALACTICGUNNERSHUD-FONT-V1-0-PRODUCTION-FONTS-GALACTICGUNNERSHUD-REGULAR-2,FOUNDER_PROJECT_OWNED_OUTPUT,"Nested production font package GalacticGunnersHUD_Font_v1.0_PRODUCTION; ZIP transport unpacked inspectably, ZIP not retained.",GalacticGunners.zip / GalacticGunnersHUD_Font_v1.0_PRODUCTION.zip,GalacticGunners/assets/fonts/GalacticGunnersHUD_Font_v1.0_PRODUCTION.zip::GalacticGunnersHUD_Font_v1.0_PRODUCTION/fonts/GalacticGunnersHUD-Regular.ttf,298CE45526273A01EDC9B9C8BCC01C2B1191238157E5B4844773355F09D34FB2,Founder Michael Leese / Inceptivec supplied project estate,"Founder selection, direction, supply and admission for Galactic Gunners project baseline.",NONE DECLARED IN SUPPLIED BASELINE,Founder project authority; commercial-use clearance classified for active production assets by this baseline.,assets/source_evidence/fonts/hud_v1.0/source_package/README.md,CLEARED,Nested ZIP transport was unpacked; member bytes copied unchanged.
GG-FONT-FONTS-HUD-V1-0-GALACTICGUNNERSHUD-FONT-V1-0-PRODUCTION-WEB-GALACTICGUNNERSHUD-REGULAR,FOUNDER_PROJECT_OWNED_OUTPUT,"Nested production font package GalacticGunnersHUD_Font_v1.0_PRODUCTION; ZIP transport unpacked inspectably, ZIP not retained.",GalacticGunners.zip / GalacticGunnersHUD_Font_v1.0_PRODUCTION.zip,GalacticGunners/assets/fonts/GalacticGunnersHUD_Font_v1.0_PRODUCTION.zip::GalacticGunnersHUD_Font_v1.0_PRODUCTION/web/GalacticGunnersHUD-Regular.css,C0E614EB16FEFEECA3110D6D5932C81168CF6B05E4044673362BBECA563E448D,Founder Michael Leese / Inceptivec supplied project estate,"Founder selection, direction, supply and admission for Galactic Gunners project baseline.",NONE DECLARED IN SUPPLIED BASELINE,Founder project authority; commercial-use clearance classified for active production assets by this baseline.,assets/source_evidence/fonts/hud_v1.0/source_package/README.md,CLEARED,Nested ZIP transport was unpacked; member bytes copied unchanged.
GG-FONT-FONTS-HUD-V1-0-GALACTICGUNNERSHUD-FONT-V1-0-PRODUCTION-WEB-GALACTICGUNNERSHUD-REGULAR-2,FOUNDER_PROJECT_OWNED_OUTPUT,"Nested production font package GalacticGunnersHUD_Font_v1.0_PRODUCTION; ZIP transport unpacked inspectably, ZIP not retained.",GalacticGunners.zip / GalacticGunnersHUD_Font_v1.0_PRODUCTION.zip,GalacticGunners/assets/fonts/GalacticGunnersHUD_Font_v1.0_PRODUCTION.zip::GalacticGunnersHUD_Font_v1.0_PRODUCTION/web/GalacticGunnersHUD-Regular.woff,F890F251A422B1291516B1D2433AAADCAD7B27A66CD3746AB2538A9B4331D2FD,Founder Michael Leese / Inceptivec supplied project estate,"Founder selection, direction, supply and admission for Galactic Gunners project baseline.",NONE DECLARED IN SUPPLIED BASELINE,Founder project authority; commercial-use clearance classified for active production assets by this baseline.,assets/source_evidence/fonts/hud_v1.0/source_package/README.md,CLEARED,Nested ZIP transport was unpacked; member bytes copied unchanged.
GG-FONT-FONTS-SILVER-DISPLAY-V1-0-GALACTICGUNNERS-SILVER-DISPLAY-FONT-V1-0-PRODUCTION-DESKTOP-GALACTICGU,FOUNDER_PROJECT_OWNED_OUTPUT,"Nested production font package GG_Silver_Font_Production_v1; ZIP transport unpacked inspectably, ZIP not retained.",GalacticGunners.zip / GG_Silver_Font_Production_v1.zip,GalacticGunners/assets/fonts/GG_Silver_Font_Production_v1.zip::GalacticGunners_Silver_Display_Font_v1.0_PRODUCTION/desktop/GalacticGunnersSilverDisplay-Regular.otf,6F6C17122B88C064581A10FAFA99E9FA84A57D2A1E15BDEDADB119727F09C14B,Founder Michael Leese / Inceptivec supplied project estate,"Founder selection, direction, supply and admission for Galactic Gunners project baseline.",NONE DECLARED IN SUPPLIED BASELINE,Founder project authority; commercial-use clearance classified for active production assets by this baseline.,assets/source_evidence/fonts/silver_display_v1.0/source_package/README.md,CLEARED,Nested ZIP transport was unpacked; member bytes copied unchanged.
GG-FONT-FONTS-SILVER-DISPLAY-V1-0-GALACTICGUNNERS-SILVER-DISPLAY-FONT-V1-0-PRODUCTION-DESKTOP-GALACTICGU-2,FOUNDER_PROJECT_OWNED_OUTPUT,"Nested production font package GG_Silver_Font_Production_v1; ZIP transport unpacked inspectably, ZIP not retained.",GalacticGunners.zip / GG_Silver_Font_Production_v1.zip,GalacticGunners/assets/fonts/GG_Silver_Font_Production_v1.zip::GalacticGunners_Silver_Display_Font_v1.0_PRODUCTION/desktop/GalacticGunnersSilverDisplay-Regular.ttf,3961A2F7344A7B34838F06B8635148A750D34453D70238986711CCCE5E90BBDB,Founder Michael Leese / Inceptivec supplied project estate,"Founder selection, direction, supply and admission for Galactic Gunners project baseline.",NONE DECLARED IN SUPPLIED BASELINE,Founder project authority; commercial-use clearance classified for active production assets by this baseline.,assets/source_evidence/fonts/silver_display_v1.0/source_package/README.md,CLEARED,Nested ZIP transport was unpacked; member bytes copied unchanged.
GG-FONT-FONTS-SILVER-DISPLAY-V1-0-GALACTICGUNNERS-SILVER-DISPLAY-FONT-V1-0-PRODUCTION-WEB-FONT-FACE,FOUNDER_PROJECT_OWNED_OUTPUT,"Nested production font package GG_Silver_Font_Production_v1; ZIP transport unpacked inspectably, ZIP not retained.",GalacticGunners.zip / GG_Silver_Font_Production_v1.zip,GalacticGunners/assets/fonts/GG_Silver_Font_Production_v1.zip::GalacticGunners_Silver_Display_Font_v1.0_PRODUCTION/web/font-face.css,CDC341FBB1A1B821A83E07BBCA34DBE0129C27B426FF3869C755E35311661128,Founder Michael Leese / Inceptivec supplied project estate,"Founder selection, direction, supply and admission for Galactic Gunners project baseline.",NONE DECLARED IN SUPPLIED BASELINE,Founder project authority; commercial-use clearance classified for active production assets by this baseline.,assets/source_evidence/fonts/silver_display_v1.0/source_package/README.md,CLEARED,Nested ZIP transport was unpacked; member bytes copied unchanged.
GG-FONT-FONTS-SILVER-DISPLAY-V1-0-GALACTICGUNNERS-SILVER-DISPLAY-FONT-V1-0-PRODUCTION-WEB-GALACTIC-GUNNE,FOUNDER_PROJECT_OWNED_OUTPUT,"Nested production font package GG_Silver_Font_Production_v1; ZIP transport unpacked inspectably, ZIP not retained.",GalacticGunners.zip / GG_Silver_Font_Production_v1.zip,GalacticGunners/assets/fonts/GG_Silver_Font_Production_v1.zip::GalacticGunners_Silver_Display_Font_v1.0_PRODUCTION/web/galactic-gunners-silver.css,CDC341FBB1A1B821A83E07BBCA34DBE0129C27B426FF3869C755E35311661128,Founder Michael Leese / Inceptivec supplied project estate,"Founder selection, direction, supply and admission for Galactic Gunners project baseline.",NONE DECLARED IN SUPPLIED BASELINE,Founder project authority; commercial-use clearance classified for active production assets by this baseline.,assets/source_evidence/fonts/silver_display_v1.0/source_package/README.md,CLEARED,Nested ZIP transport was unpacked; member bytes copied unchanged.
GG-FONT-FONTS-SILVER-DISPLAY-V1-0-GALACTICGUNNERS-SILVER-DISPLAY-FONT-V1-0-PRODUCTION-WEB-GALACTICGUNNER,FOUNDER_PROJECT_OWNED_OUTPUT,"Nested production font package GG_Silver_Font_Production_v1; ZIP transport unpacked inspectably, ZIP not retained.",GalacticGunners.zip / GG_Silver_Font_Production_v1.zip,GalacticGunners/assets/fonts/GG_Silver_Font_Production_v1.zip::GalacticGunners_Silver_Display_Font_v1.0_PRODUCTION/web/GalacticGunnersSilverDisplay-Regular.woff,8EF983342BA1CC97E113AC6E5A8F888F8E62569BEF5D3B211BFAC08765DB2E8A,Founder Michael Leese / Inceptivec supplied project estate,"Founder selection, direction, supply and admission for Galactic Gunners project baseline.",NONE DECLARED IN SUPPLIED BASELINE,Founder project authority; commercial-use clearance classified for active production assets by this baseline.,assets/source_evidence/fonts/silver_display_v1.0/source_package/README.md,CLEARED,Nested ZIP transport was unpacked; member bytes copied unchanged.
GG-FONT-FONTS-SILVER-DISPLAY-V1-0-GALACTICGUNNERS-SILVER-DISPLAY-FONT-V1-0-PRODUCTION-WEB-GALACTICGUNNER-2,FOUNDER_PROJECT_OWNED_OUTPUT,"Nested production font package GG_Silver_Font_Production_v1; ZIP transport unpacked inspectably, ZIP not retained.",GalacticGunners.zip / GG_Silver_Font_Production_v1.zip,GalacticGunners/assets/fonts/GG_Silver_Font_Production_v1.zip::GalacticGunners_Silver_Display_Font_v1.0_PRODUCTION/web/GalacticGunnersSilverDisplay-Regular.woff2,908926163A1455032D9D5D7E11FA6C470204408B56EE65534BBA9FAA8E4762F1,Founder Michael Leese / Inceptivec supplied project estate,"Founder selection, direction, supply and admission for Galactic Gunners project baseline.",NONE DECLARED IN SUPPLIED BASELINE,Founder project authority; commercial-use clearance classified for active production assets by this baseline.,assets/source_evidence/fonts/silver_display_v1.0/source_package/README.md,CLEARED,Nested ZIP transport was unpacked; member bytes copied unchanged.
GG-FONT-FONTS-TITLE-V1-0-DESKTOP-GALACTICGUNNERS-TITLE-FONT-V1-0,FOUNDER_PROJECT_OWNED_OUTPUT,Founder-supplied production title font v1.0 desktop OTF.,GalacticGunners.zip,GalacticGunners/assets/fonts/GalacticGunners_Title_Font_v1.0_PRODUCTION_COMPLETE/GalacticGunners_Title_Font_v1.0_PRODUCTION/GalacticGunners_Title_Font-v1.0.otf,59F17B907E4DFE0F42C06D2AC49BB1F77374F431CCB65DA36B534FA42B4CC5BC,Founder Michael Leese / Inceptivec supplied project estate,"Founder selection, direction, supply and admission for Galactic Gunners project baseline.",NONE DECLARED IN SUPPLIED BASELINE,Founder project authority; commercial-use clearance classified for active production assets by this baseline.,assets/source_evidence/fonts/title_v1.0/source_package/OWNERSHIP_DECLARATION.md,CLEARED,No byte transformation performed during canonical placement; path/filename normalization only where recorded.
GG-FONT-FONTS-TITLE-V1-0-WEB-GALACTIC-GUNNERS-TITLE-FONT,FOUNDER_PROJECT_OWNED_OUTPUT,Founder-supplied production title font v1.0 web files.,GalacticGunners.zip,GalacticGunners/assets/fonts/GalacticGunners_Title_Font_v1.0_PRODUCTION_COMPLETE/GalacticGunners_Title_Font_v1.0_PRODUCTION/WEB/galactic-gunners-title-font.css,F6CD1416AA37696C6063EC42188DFEEB32046136BA3C028507FB659ED24DECF2,Founder Michael Leese / Inceptivec supplied project estate,"Founder selection, direction, supply and admission for Galactic Gunners project baseline.",NONE DECLARED IN SUPPLIED BASELINE,Founder project authority; commercial-use clearance classified for active production assets by this baseline.,assets/source_evidence/fonts/title_v1.0/source_package/OWNERSHIP_DECLARATION.md,CLEARED,No byte transformation performed during canonical placement; path/filename normalization only where recorded.
GG-KEYART-KEY-ART-FONT-REFERENCE-GALACTIC-GUNNERS-SCI-FI-TITLE-CARD,PROJECT_DIRECTED_AI_ASSISTED_OUTPUT,Founder-supplied title-card visual reference.,GalacticGunners.zip,GalacticGunners/assets/fonts/Galactic Gunners Sci-Fi Title Card.png,640C8E8BC402CFF92C4291A882558281E6486652E78D09C489B1A5DE4420D41E,Founder Michael Leese / Inceptivec supplied project estate,"Founder selection, direction, supply and admission for Galactic Gunners project baseline.",NONE DECLARED IN SUPPLIED BASELINE,Founder project authority; commercial-use clearance classified for active production assets by this baseline.,assets/OWNERSHIP_PROVENANCE_AND_IP_BASELINE.md,CLEARED,No byte transformation performed during canonical placement; path/filename normalization only where recorded.
GG-KEYART-KEY-ART-POSTERS-GG-HERO-IMAGE-PLAYER-FIGHTING,PROJECT_DIRECTED_AI_ASSISTED_OUTPUT,Founder-supplied Galactic Gunners asset/IP baseline estate.,GalacticGunners.zip,GalacticGunners/assets/images/poster_images/gg_hero_image_player_fighting.png,17EE6D043778A1F7E7ACC01010A041DD541E75DE7A4D278D0BE9DEE4FB8729ED,Founder Michael Leese / Inceptivec supplied project estate,"Founder selection, direction, supply and admission for Galactic Gunners project baseline.",NONE DECLARED IN SUPPLIED BASELINE,Founder project authority; commercial-use clearance classified for active production assets by this baseline.,assets/OWNERSHIP_PROVENANCE_AND_IP_BASELINE.md,CLEARED,No byte transformation performed during canonical placement; path/filename normalization only where recorded.
GG-KEYART-KEY-ART-POSTERS-GG-HERO-IMAGE-PLAYER-FIGHTING-V002-2X-POSTER-MASTER,PROJECT_DIRECTED_AI_ASSISTED_OUTPUT,Founder-supplied Galactic Gunners asset/IP baseline estate.,GalacticGunners.zip,GalacticGunners/assets/images/poster_images/gg_hero_image_player_fighting_v002_2x_poster_master.png,EC60E853BA5513727EA50F943A6DC88AB81FE7FF04B4B2E14D2129D96B54C02D,Founder Michael Leese / Inceptivec supplied project estate,"Founder selection, direction, supply and admission for Galactic Gunners project baseline.",NONE DECLARED IN SUPPLIED BASELINE,Founder project authority; commercial-use clearance classified for active production assets by this baseline.,assets/OWNERSHIP_PROVENANCE_AND_IP_BASELINE.md,CLEARED,No byte transformation performed during canonical placement; path/filename normalization only where recorded.
GG-KEYART-KEY-ART-POSTERS-GG-HERO-IMAGE-PLAYER-FIGHTING-V002-4K-UHD-MASTER,PROJECT_DIRECTED_AI_ASSISTED_OUTPUT,Founder-supplied Galactic Gunners asset/IP baseline estate.,GalacticGunners.zip,GalacticGunners/assets/images/poster_images/gg_hero_image_player_fighting_v002_4k_uhd_master.png,054D150DA322ACCDA4256306DB40B30CC0A098D7B307702C5CCFFA6148A5CE8F,Founder Michael Leese / Inceptivec supplied project estate,"Founder selection, direction, supply and admission for Galactic Gunners project baseline.",NONE DECLARED IN SUPPLIED BASELINE,Founder project authority; commercial-use clearance classified for active production assets by this baseline.,assets/OWNERSHIP_PROVENANCE_AND_IP_BASELINE.md,CLEARED,No byte transformation performed during canonical placement; path/filename normalization only where recorded.
GG-KEYART-KEY-ART-POSTERS-GG-PAUSE-SCREEN-V2-0,PROJECT_DIRECTED_AI_ASSISTED_OUTPUT,Founder-supplied Galactic Gunners asset/IP baseline estate.,GalacticGunners.zip,GalacticGunners/assets/images/poster_images/gg_pause_screen_v2.0.png,1C117C3D59B3FC6352148BB512210ACA9314CD85CA1754025E47FD429058FCCF,Founder Michael Leese / Inceptivec supplied project estate,"Founder selection, direction, supply and admission for Galactic Gunners project baseline.",NONE DECLARED IN SUPPLIED BASELINE,Founder project authority; commercial-use clearance classified for active production assets by this baseline.,assets/OWNERSHIP_PROVENANCE_AND_IP_BASELINE.md,CLEARED,No byte transformation performed during canonical placement; path/filename normalization only where recorded.
GG-KEYART-KEY-ART-POSTERS-GG-PAUSE-SCREEN-V2-1-2X-POSTER-MASTER,PROJECT_DIRECTED_AI_ASSISTED_OUTPUT,Founder-supplied Galactic Gunners asset/IP baseline estate.,GalacticGunners.zip,GalacticGunners/assets/images/poster_images/gg_pause_screen_v2.1_2x_poster_master.png,6A8289A84D260A1CEEF218DD79850B07718E4971BB2169226B339A83E6C132F1,Founder Michael Leese / Inceptivec supplied project estate,"Founder selection, direction, supply and admission for Galactic Gunners project baseline.",NONE DECLARED IN SUPPLIED BASELINE,Founder project authority; commercial-use clearance classified for active production assets by this baseline.,assets/OWNERSHIP_PROVENANCE_AND_IP_BASELINE.md,CLEARED,No byte transformation performed during canonical placement; path/filename normalization only where recorded.
GG-KEYART-KEY-ART-POSTERS-GG-PAUSE-SCREEN-V2-1-4K-UHD-MASTER,PROJECT_DIRECTED_AI_ASSISTED_OUTPUT,Founder-supplied Galactic Gunners asset/IP baseline estate.,GalacticGunners.zip,GalacticGunners/assets/images/poster_images/gg_pause_screen_v2.1_4k_uhd_master.png,751008091C1144B657A54EE3B8EBD47C9B3823EFFB679420D5F96E39E7438937,Founder Michael Leese / Inceptivec supplied project estate,"Founder selection, direction, supply and admission for Galactic Gunners project baseline.",NONE DECLARED IN SUPPLIED BASELINE,Founder project authority; commercial-use clearance classified for active production assets by this baseline.,assets/OWNERSHIP_PROVENANCE_AND_IP_BASELINE.md,CLEARED,No byte transformation performed during canonical placement; path/filename normalization only where recorded.
GG-KEYART-KEY-ART-POSTERS-GG-VICTORY-SCENE-ALIENS-V001-2X-POSTER-MASTER,PROJECT_DIRECTED_AI_ASSISTED_OUTPUT,Founder-supplied Galactic Gunners asset/IP baseline estate.,GalacticGunners.zip,GalacticGunners/assets/images/poster_images/gg_victory_scene_aliens_v001_2x_poster_master.png,234C78B089EC8AF9AC0C0AC528FA6857D5426AA5BCF8B69834D999F1473672B6,Founder Michael Leese / Inceptivec supplied project estate,"Founder selection, direction, supply and admission for Galactic Gunners project baseline.",NONE DECLARED IN SUPPLIED BASELINE,Founder project authority; commercial-use clearance classified for active production assets by this baseline.,assets/OWNERSHIP_PROVENANCE_AND_IP_BASELINE.md,CLEARED,No byte transformation performed during canonical placement; path/filename normalization only where recorded.
GG-KEYART-KEY-ART-POSTERS-GG-VICTORY-SCENE-ALIENS-V001-4K-UHD-MASTER,PROJECT_DIRECTED_AI_ASSISTED_OUTPUT,Founder-supplied Galactic Gunners asset/IP baseline estate.,GalacticGunners.zip,GalacticGunners/assets/images/poster_images/gg_victory_scene_aliens_v001_4k_uhd_master.png,D574DCAB776EF5481F7545F1A055DCA2205F18C92F414C622DA156F3D6CF6AAD,Founder Michael Leese / Inceptivec supplied project estate,"Founder selection, direction, supply and admission for Galactic Gunners project baseline.",NONE DECLARED IN SUPPLIED BASELINE,Founder project authority; commercial-use clearance classified for active production assets by this baseline.,assets/OWNERSHIP_PROVENANCE_AND_IP_BASELINE.md,CLEARED,No byte transformation performed during canonical placement; path/filename normalization only where recorded.
GG-KEYART-KEY-ART-POSTERS-GG-VICTORY-SCENE-ALIENS-V001-SOURCE,PROJECT_DIRECTED_AI_ASSISTED_OUTPUT,Founder-supplied Galactic Gunners asset/IP baseline estate.,GalacticGunners.zip,GalacticGunners/assets/images/poster_images/gg_victory_scene_aliens_v001_source.png,7C2B838B030FF5F841332565D393873D1DDE2E2FB25DB4C1431C0567CD7EE83D,Founder Michael Leese / Inceptivec supplied project estate,"Founder selection, direction, supply and admission for Galactic Gunners project baseline.",NONE DECLARED IN SUPPLIED BASELINE,Founder project authority; commercial-use clearance classified for active production assets by this baseline.,assets/OWNERSHIP_PROVENANCE_AND_IP_BASELINE.md,CLEARED,No byte transformation performed during canonical placement; path/filename normalization only where recorded.
GG-KEYART-KEY-ART-POSTERS-GG-VICTORY-SCENE-PLAYER-V001-2X-POSTER-MASTER,PROJECT_DIRECTED_AI_ASSISTED_OUTPUT,Founder-supplied Galactic Gunners asset/IP baseline estate.,GalacticGunners.zip,GalacticGunners/assets/images/poster_images/gg_victory_scene_player_v001_2x_poster_master.png,5A9D1B7DF0639CF50CEBB2C3B5C2B5CF2DADAA250F6E81E3C5D8B6462BE816E4,Founder Michael Leese / Inceptivec supplied project estate,"Founder selection, direction, supply and admission for Galactic Gunners project baseline.",NONE DECLARED IN SUPPLIED BASELINE,Founder project authority; commercial-use clearance classified for active production assets by this baseline.,assets/OWNERSHIP_PROVENANCE_AND_IP_BASELINE.md,CLEARED,No byte transformation performed during canonical placement; path/filename normalization only where recorded.
GG-KEYART-KEY-ART-POSTERS-GG-VICTORY-SCENE-PLAYER-V001-4K-UHD-MASTER,PROJECT_DIRECTED_AI_ASSISTED_OUTPUT,Founder-supplied Galactic Gunners asset/IP baseline estate.,GalacticGunners.zip,GalacticGunners/assets/images/poster_images/gg_victory_scene_player_v001_4k_uhd_master.png,1A757E1E074DF99A6843AC3BFEB7AA5340403398B3C45F9A75E950C760026EC7,Founder Michael Leese / Inceptivec supplied project estate,"Founder selection, direction, supply and admission for Galactic Gunners project baseline.",NONE DECLARED IN SUPPLIED BASELINE,Founder project authority; commercial-use clearance classified for active production assets by this baseline.,assets/OWNERSHIP_PROVENANCE_AND_IP_BASELINE.md,CLEARED,No byte transformation performed during canonical placement; path/filename normalization only where recorded.
GG-KEYART-KEY-ART-POSTERS-GG-VICTORY-SCENE-PLAYER-V001-SOURCE,PROJECT_DIRECTED_AI_ASSISTED_OUTPUT,Founder-supplied Galactic Gunners asset/IP baseline estate.,GalacticGunners.zip,GalacticGunners/assets/images/poster_images/gg_victory_scene_player_v001_source.png,1C3F4868EF3DE7994CD5DFA2EDC1A0E43ADCBD4D027AD55F0122554A237CF787,Founder Michael Leese / Inceptivec supplied project estate,"Founder selection, direction, supply and admission for Galactic Gunners project baseline.",NONE DECLARED IN SUPPLIED BASELINE,Founder project authority; commercial-use clearance classified for active production assets by this baseline.,assets/OWNERSHIP_PROVENANCE_AND_IP_BASELINE.md,CLEARED,No byte transformation performed during canonical placement; path/filename normalization only where recorded.
GG-PLATFORM-PLATFORM-ALIEN-PLATFORM-GG-ALIEN-PLATFORM-CONCEPT-001,PROJECT_DIRECTED_AI_ASSISTED_OUTPUT,Founder-supplied alien platform platform concept imagery.,GalacticGunners.zip,"GalacticGunners/assets/platform/alien_platform/ChatGPT Image Aug 24, 2026, 03_54_48 PM (1).png",09DD3C7144A5E6BB7E29C94BCA1244C084C9433CFF5EC3340C954748BFAE2A95,Founder Michael Leese / Inceptivec supplied project-directed platform imagery,"Founder selection, direction, supply and admission for Galactic Gunners project baseline.",NONE DECLARED IN SUPPLIED BASELINE,Founder project authority; commercial-use clearance classified for active production assets by this baseline.,assets/OWNERSHIP_PROVENANCE_AND_IP_BASELINE.md,CLEARED,No byte transformation performed during canonical placement; path/filename normalization only where recorded.
GG-PLATFORM-PLATFORM-ALIEN-PLATFORM-GG-ALIEN-PLATFORM-CONCEPT-002,PROJECT_DIRECTED_AI_ASSISTED_OUTPUT,Founder-supplied alien platform platform concept imagery.,GalacticGunners.zip,"GalacticGunners/assets/platform/alien_platform/ChatGPT Image Aug 24, 2026, 03_54_48 PM (2).png",E92C36E40BFADEE6F08B5AD6AC93752D9130749A8597DD24B8D1C997307FCC78,Founder Michael Leese / Inceptivec supplied project-directed platform imagery,"Founder selection, direction, supply and admission for Galactic Gunners project baseline.",NONE DECLARED IN SUPPLIED BASELINE,Founder project authority; commercial-use clearance classified for active production assets by this baseline.,assets/OWNERSHIP_PROVENANCE_AND_IP_BASELINE.md,CLEARED,No byte transformation performed during canonical placement; path/filename normalization only where recorded.
GG-PLATFORM-PLATFORM-ALIEN-PLATFORM-GG-ALIEN-PLATFORM-CONCEPT-003,PROJECT_DIRECTED_AI_ASSISTED_OUTPUT,Founder-supplied alien platform platform concept imagery.,GalacticGunners.zip,"GalacticGunners/assets/platform/alien_platform/ChatGPT Image Aug 24, 2026, 03_54_49 PM (3).png",17213335C4EBCC1AA885C7BAAB734064DF131A03878FC2D0EE0B90F826144F36,Founder Michael Leese / Inceptivec supplied project-directed platform imagery,"Founder selection, direction, supply and admission for Galactic Gunners project baseline.",NONE DECLARED IN SUPPLIED BASELINE,Founder project authority; commercial-use clearance classified for active production assets by this baseline.,assets/OWNERSHIP_PROVENANCE_AND_IP_BASELINE.md,CLEARED,No byte transformation performed during canonical placement; path/filename normalization only where recorded.
GG-PLATFORM-PLATFORM-ALIEN-PLATFORM-GG-ALIEN-PLATFORM-CONCEPT-004,PROJECT_DIRECTED_AI_ASSISTED_OUTPUT,Founder-supplied alien platform platform concept imagery.,GalacticGunners.zip,"GalacticGunners/assets/platform/alien_platform/ChatGPT Image Aug 24, 2026, 03_54_49 PM (4).png",73AD5C9008F18385E251D4C48BC482D1833B3C7661A79C9F8148E9A0E24E6CC6,Founder Michael Leese / Inceptivec supplied project-directed platform imagery,"Founder selection, direction, supply and admission for Galactic Gunners project baseline.",NONE DECLARED IN SUPPLIED BASELINE,Founder project authority; commercial-use clearance classified for active production assets by this baseline.,assets/OWNERSHIP_PROVENANCE_AND_IP_BASELINE.md,CLEARED,No byte transformation performed during canonical placement; path/filename normalization only where recorded.
GG-PLATFORM-PLATFORM-ALIEN-PLATFORM-GG-ALIEN-PLATFORM-CONCEPT-005,PROJECT_DIRECTED_AI_ASSISTED_OUTPUT,Founder-supplied alien platform platform concept imagery.,GalacticGunners.zip,"GalacticGunners/assets/platform/alien_platform/ChatGPT Image Aug 24, 2026, 03_54_49 PM (5).png",2C6FC62C34612B6D5ED10EC520249E5BC4A9175F89B89A7BCC4F4617615ECD02,Founder Michael Leese / Inceptivec supplied project-directed platform imagery,"Founder selection, direction, supply and admission for Galactic Gunners project baseline.",NONE DECLARED IN SUPPLIED BASELINE,Founder project authority; commercial-use clearance classified for active production assets by this baseline.,assets/OWNERSHIP_PROVENANCE_AND_IP_BASELINE.md,CLEARED,No byte transformation performed during canonical placement; path/filename normalization only where recorded.
GG-PLATFORM-PLATFORM-ALIEN-PLATFORM-GG-ALIEN-PLATFORM-CONCEPT-006,PROJECT_DIRECTED_AI_ASSISTED_OUTPUT,Founder-supplied alien platform platform concept imagery.,GalacticGunners.zip,"GalacticGunners/assets/platform/alien_platform/ChatGPT Image Aug 24, 2026, 03_54_50 PM (6).png",827C22019F3DBD3B0AFE6721C31730A979E14C4B729E6AD87B40E6F404614974,Founder Michael Leese / Inceptivec supplied project-directed platform imagery,"Founder selection, direction, supply and admission for Galactic Gunners project baseline.",NONE DECLARED IN SUPPLIED BASELINE,Founder project authority; commercial-use clearance classified for active production assets by this baseline.,assets/OWNERSHIP_PROVENANCE_AND_IP_BASELINE.md,CLEARED,No byte transformation performed during canonical placement; path/filename normalization only where recorded.
GG-PLATFORM-PLATFORM-PLAYER-PLATFORM-GG-PLAYER-PLATFORM-CONCEPT-001,PROJECT_DIRECTED_AI_ASSISTED_OUTPUT,Founder-supplied player platform platform concept imagery.,GalacticGunners.zip,"GalacticGunners/assets/platform/player_platform/ChatGPT Image Aug 24, 2026, 03_26_57 PM (1).png",3A476C572620661271AD72BA71F0BFE5453A1CA00F89E220AA05130554C20851,Founder Michael Leese / Inceptivec supplied project-directed platform imagery,"Founder selection, direction, supply and admission for Galactic Gunners project baseline.",NONE DECLARED IN SUPPLIED BASELINE,Founder project authority; commercial-use clearance classified for active production assets by this baseline.,assets/OWNERSHIP_PROVENANCE_AND_IP_BASELINE.md,CLEARED,No byte transformation performed during canonical placement; path/filename normalization only where recorded.
GG-PLATFORM-PLATFORM-PLAYER-PLATFORM-GG-PLAYER-PLATFORM-CONCEPT-002,PROJECT_DIRECTED_AI_ASSISTED_OUTPUT,Founder-supplied player platform platform concept imagery.,GalacticGunners.zip,"GalacticGunners/assets/platform/player_platform/ChatGPT Image Aug 24, 2026, 03_26_57 PM (2).png",6B40F0B439647AECB70AB67C4E70E335A0430C7B3CC0C83EFFDF5F4EE64D7C68,Founder Michael Leese / Inceptivec supplied project-directed platform imagery,"Founder selection, direction, supply and admission for Galactic Gunners project baseline.",NONE DECLARED IN SUPPLIED BASELINE,Founder project authority; commercial-use clearance classified for active production assets by this baseline.,assets/OWNERSHIP_PROVENANCE_AND_IP_BASELINE.md,CLEARED,No byte transformation performed during canonical placement; path/filename normalization only where recorded.
GG-PLATFORM-PLATFORM-PLAYER-PLATFORM-GG-PLAYER-PLATFORM-CONCEPT-003,PROJECT_DIRECTED_AI_ASSISTED_OUTPUT,Founder-supplied player platform platform concept imagery.,GalacticGunners.zip,"GalacticGunners/assets/platform/player_platform/ChatGPT Image Aug 24, 2026, 03_26_57 PM (3).png",3C3AAAFB67FB32D9556D8F1D5538040EA906289137156E2A4BA5C48242D4919B,Founder Michael Leese / Inceptivec supplied project-directed platform imagery,"Founder selection, direction, supply and admission for Galactic Gunners project baseline.",NONE DECLARED IN SUPPLIED BASELINE,Founder project authority; commercial-use clearance classified for active production assets by this baseline.,assets/OWNERSHIP_PROVENANCE_AND_IP_BASELINE.md,CLEARED,No byte transformation performed during canonical placement; path/filename normalization only where recorded.
GG-PLATFORM-PLATFORM-PLAYER-PLATFORM-GG-PLAYER-PLATFORM-CONCEPT-004,PROJECT_DIRECTED_AI_ASSISTED_OUTPUT,Founder-supplied player platform platform concept imagery.,GalacticGunners.zip,"GalacticGunners/assets/platform/player_platform/ChatGPT Image Aug 24, 2026, 03_26_57 PM (4).png",E39F814501776388D652E7AF66D8F5CB9C342B5064A1D81CF15256FE51FD969D,Founder Michael Leese / Inceptivec supplied project-directed platform imagery,"Founder selection, direction, supply and admission for Galactic Gunners project baseline.",NONE DECLARED IN SUPPLIED BASELINE,Founder project authority; commercial-use clearance classified for active production assets by this baseline.,assets/OWNERSHIP_PROVENANCE_AND_IP_BASELINE.md,CLEARED,No byte transformation performed during canonical placement; path/filename normalization only where recorded.
GG-PLATFORM-PLATFORM-PLAYER-PLATFORM-GG-PLAYER-PLATFORM-CONCEPT-005,PROJECT_DIRECTED_AI_ASSISTED_OUTPUT,Founder-supplied player platform platform concept imagery.,GalacticGunners.zip,"GalacticGunners/assets/platform/player_platform/ChatGPT Image Aug 24, 2026, 03_26_57 PM (5).png",495EE1FE2724905332B662D26221A870DCB95CA0F20F78A3F7FED74588DEAD18,Founder Michael Leese / Inceptivec supplied project-directed platform imagery,"Founder selection, direction, supply and admission for Galactic Gunners project baseline.",NONE DECLARED IN SUPPLIED BASELINE,Founder project authority; commercial-use clearance classified for active production assets by this baseline.,assets/OWNERSHIP_PROVENANCE_AND_IP_BASELINE.md,CLEARED,No byte transformation performed during canonical placement; path/filename normalization only where recorded.
GG-PLATFORM-PLATFORM-PLAYER-PLATFORM-GG-PLAYER-PLATFORM-CONCEPT-006,PROJECT_DIRECTED_AI_ASSISTED_OUTPUT,Founder-supplied player platform platform concept imagery.,GalacticGunners.zip,"GalacticGunners/assets/platform/player_platform/ChatGPT Image Aug 24, 2026, 03_26_57 PM (6).png",CD9161D66F6EA7B0850D8F9E2D5AE171E0468D0AE0B0AB52FAC0F84ED4FCA808,Founder Michael Leese / Inceptivec supplied project-directed platform imagery,"Founder selection, direction, supply and admission for Galactic Gunners project baseline.",NONE DECLARED IN SUPPLIED BASELINE,Founder project authority; commercial-use clearance classified for active production assets by this baseline.,assets/OWNERSHIP_PROVENANCE_AND_IP_BASELINE.md,CLEARED,No byte transformation performed during canonical placement; path/filename normalization only where recorded.
GG-PLATFORM-PLATFORM-PLAYER-PLATFORM-GG-PLAYER-PLATFORM-CONCEPT-007,PROJECT_DIRECTED_AI_ASSISTED_OUTPUT,Founder-supplied player platform platform concept imagery.,GalacticGunners.zip,"GalacticGunners/assets/platform/player_platform/ChatGPT Image Aug 24, 2026, 03_26_57 PM (7).png",60A340172CEADB3F9E02F62788EA81A4B9849ECF6FBC46BBD3ED9163EDE7D240,Founder Michael Leese / Inceptivec supplied project-directed platform imagery,"Founder selection, direction, supply and admission for Galactic Gunners project baseline.",NONE DECLARED IN SUPPLIED BASELINE,Founder project authority; commercial-use clearance classified for active production assets by this baseline.,assets/OWNERSHIP_PROVENANCE_AND_IP_BASELINE.md,CLEARED,No byte transformation performed during canonical placement; path/filename normalization only where recorded.
GG-SPRITE-SPRITES-OBJECTS-GG-ASTEROID-V002-SHEET,PROJECT_DIRECTED_AI_ASSISTED_OUTPUT,Founder-supplied Galactic Gunners asset/IP baseline estate.,GalacticGunners.zip,GalacticGunners/assets/images/objects/gg_asteroid_v002_sheet.png,0421BFD58EA30608ADF8E0E684B22419F63F6C57DFCC06B59594BE6947625D01,Founder Michael Leese / Inceptivec supplied project estate,"Founder selection, direction, supply and admission for Galactic Gunners project baseline.",NONE DECLARED IN SUPPLIED BASELINE,Founder project authority; commercial-use clearance classified for active production assets by this baseline.,assets/OWNERSHIP_PROVENANCE_AND_IP_BASELINE.md,CLEARED,No byte transformation performed during canonical placement; path/filename normalization only where recorded.
GG-SPRITE-SPRITES-OBJECTS-GG-COMET-V002-HORIZONTAL,PROJECT_DIRECTED_AI_ASSISTED_OUTPUT,Founder-supplied Galactic Gunners asset/IP baseline estate.,GalacticGunners.zip,GalacticGunners/assets/images/objects/gg_comet_v002_horizontal.png,019E1912978FE5789F72AC5BD878300F9B567FADDEED9FFC28EE56BA54CF4199,Founder Michael Leese / Inceptivec supplied project estate,"Founder selection, direction, supply and admission for Galactic Gunners project baseline.",NONE DECLARED IN SUPPLIED BASELINE,Founder project authority; commercial-use clearance classified for active production assets by this baseline.,assets/OWNERSHIP_PROVENANCE_AND_IP_BASELINE.md,CLEARED,No byte transformation performed during canonical placement; path/filename normalization only where recorded.
GG-SPRITE-SPRITES-OBJECTS-GG-COMET-V002-HORIZONTAL-VERTICAL-FACING,PROJECT_DIRECTED_AI_ASSISTED_OUTPUT,Founder-supplied Galactic Gunners asset/IP baseline estate.,GalacticGunners.zip,GalacticGunners/assets/images/objects/gg_comet_v002_horizontal_vertical_facing.png,B9EB2BD211F9A922707CCEEA4E1EB4EAA5B1205249E38D6BBECB76DFBA33978F,Founder Michael Leese / Inceptivec supplied project estate,"Founder selection, direction, supply and admission for Galactic Gunners project baseline.",NONE DECLARED IN SUPPLIED BASELINE,Founder project authority; commercial-use clearance classified for active production assets by this baseline.,assets/OWNERSHIP_PROVENANCE_AND_IP_BASELINE.md,CLEARED,No byte transformation performed during canonical placement; path/filename normalization only where recorded.
GG-SPRITE-SPRITES-OBJECTS-GG-COMET-V002-SHEET,PROJECT_DIRECTED_AI_ASSISTED_OUTPUT,Founder-supplied Galactic Gunners asset/IP baseline estate.,GalacticGunners.zip,GalacticGunners/assets/images/objects/gg_comet_v002_sheet.png,C6DE9F10EE7B2456D09722E73D45C2CFA21B8CAE431F065094C55121AC4B4CC9,Founder Michael Leese / Inceptivec supplied project estate,"Founder selection, direction, supply and admission for Galactic Gunners project baseline.",NONE DECLARED IN SUPPLIED BASELINE,Founder project authority; commercial-use clearance classified for active production assets by this baseline.,assets/OWNERSHIP_PROVENANCE_AND_IP_BASELINE.md,CLEARED,No byte transformation performed during canonical placement; path/filename normalization only where recorded.
GG-SPRITE-SPRITES-OBJECTS-GG-ENEMY-LASER-V002,PROJECT_DIRECTED_AI_ASSISTED_OUTPUT,Founder-supplied Galactic Gunners asset/IP baseline estate.,GalacticGunners.zip,GalacticGunners/assets/images/objects/gg_enemy_laser_v002.png,C25388AA4C1BAA3123AFCAB5B820718150806749E4AE5F6D8B99331C793578AC,Founder Michael Leese / Inceptivec supplied project estate,"Founder selection, direction, supply and admission for Galactic Gunners project baseline.",NONE DECLARED IN SUPPLIED BASELINE,Founder project authority; commercial-use clearance classified for active production assets by this baseline.,assets/OWNERSHIP_PROVENANCE_AND_IP_BASELINE.md,CLEARED,No byte transformation performed during canonical placement; path/filename normalization only where recorded.
GG-SPRITE-SPRITES-OBJECTS-GG-EXPLOSION-SMALL-V002-HORIZONTAL,PROJECT_DIRECTED_AI_ASSISTED_OUTPUT,Founder-supplied Galactic Gunners asset/IP baseline estate.,GalacticGunners.zip,GalacticGunners/assets/images/objects/gg_explosion_small_v002_horizontal.png,895ECEAFF03C8390A3F17FA9D829B7B86A6D0AE0B4D73BBA3CD2D2A267D569CC,Founder Michael Leese / Inceptivec supplied project estate,"Founder selection, direction, supply and admission for Galactic Gunners project baseline.",NONE DECLARED IN SUPPLIED BASELINE,Founder project authority; commercial-use clearance classified for active production assets by this baseline.,assets/OWNERSHIP_PROVENANCE_AND_IP_BASELINE.md,CLEARED,No byte transformation performed during canonical placement; path/filename normalization only where recorded.
GG-SPRITE-SPRITES-OBJECTS-GG-EXPLOSION-SMALL-V002-SHEET,PROJECT_DIRECTED_AI_ASSISTED_OUTPUT,Founder-supplied Galactic Gunners asset/IP baseline estate.,GalacticGunners.zip,GalacticGunners/assets/images/objects/gg_explosion_small_v002_sheet.png,3F8FF2BB76214E234828AB9BE559A21BC5935CC4E6336E558AC35B6380E39049,Founder Michael Leese / Inceptivec supplied project estate,"Founder selection, direction, supply and admission for Galactic Gunners project baseline.",NONE DECLARED IN SUPPLIED BASELINE,Founder project authority; commercial-use clearance classified for active production assets by this baseline.,assets/OWNERSHIP_PROVENANCE_AND_IP_BASELINE.md,CLEARED,No byte transformation performed during canonical placement; path/filename normalization only where recorded.
GG-SPRITE-SPRITES-OBJECTS-GG-NUKE-BURST-V002-HORIZONTAL,PROJECT_DIRECTED_AI_ASSISTED_OUTPUT,Founder-supplied Galactic Gunners asset/IP baseline estate.,GalacticGunners.zip,GalacticGunners/assets/images/objects/gg_nuke_burst_v002_horizontal.png,F9E47B6D3875778217620FE0FDDACAA515405D377900BA5F7F2D1271F0A96C53,Founder Michael Leese / Inceptivec supplied project estate,"Founder selection, direction, supply and admission for Galactic Gunners project baseline.",NONE DECLARED IN SUPPLIED BASELINE,Founder project authority; commercial-use clearance classified for active production assets by this baseline.,assets/OWNERSHIP_PROVENANCE_AND_IP_BASELINE.md,CLEARED,No byte transformation performed during canonical placement; path/filename normalization only where recorded.
GG-SPRITE-SPRITES-OBJECTS-GG-NUKE-BURST-V002-SHEET,PROJECT_DIRECTED_AI_ASSISTED_OUTPUT,Founder-supplied Galactic Gunners asset/IP baseline estate.,GalacticGunners.zip,GalacticGunners/assets/images/objects/gg_nuke_burst_v002_sheet.png,0758B63ABB31A3BB164106F180F3E423C2FAFCD98631AB05A3A8855BBC3E1743,Founder Michael Leese / Inceptivec supplied project estate,"Founder selection, direction, supply and admission for Galactic Gunners project baseline.",NONE DECLARED IN SUPPLIED BASELINE,Founder project authority; commercial-use clearance classified for active production assets by this baseline.,assets/OWNERSHIP_PROVENANCE_AND_IP_BASELINE.md,CLEARED,No byte transformation performed during canonical placement; path/filename normalization only where recorded.
GG-SPRITE-SPRITES-OBJECTS-GG-NUKE-PROJECTILE-V002-HORIZONTAL-UPRIGHT,PROJECT_DIRECTED_AI_ASSISTED_OUTPUT,Founder-supplied Galactic Gunners asset/IP baseline estate.,GalacticGunners.zip,GalacticGunners/assets/images/objects/gg_nuke_projectile_v002_horizontal_upright.png,3B826087AD38EB6963046260EC384B9507C80E450DFAA3B302B923875B8B21AA,Founder Michael Leese / Inceptivec supplied project estate,"Founder selection, direction, supply and admission for Galactic Gunners project baseline.",NONE DECLARED IN SUPPLIED BASELINE,Founder project authority; commercial-use clearance classified for active production assets by this baseline.,assets/OWNERSHIP_PROVENANCE_AND_IP_BASELINE.md,CLEARED,No byte transformation performed during canonical placement; path/filename normalization only where recorded.
GG-SPRITE-SPRITES-OBJECTS-GG-NUKE-PROJECTILE-V002-SHEET,PROJECT_DIRECTED_AI_ASSISTED_OUTPUT,Founder-supplied Galactic Gunners asset/IP baseline estate.,GalacticGunners.zip,GalacticGunners/assets/images/objects/gg_nuke_projectile_v002_sheet.png,811291512550286B626EA37CEF6EB4135F7B570DE78777FEB26537761883B008,Founder Michael Leese / Inceptivec supplied project estate,"Founder selection, direction, supply and admission for Galactic Gunners project baseline.",NONE DECLARED IN SUPPLIED BASELINE,Founder project authority; commercial-use clearance classified for active production assets by this baseline.,assets/OWNERSHIP_PROVENANCE_AND_IP_BASELINE.md,CLEARED,No byte transformation performed during canonical placement; path/filename normalization only where recorded.
GG-SPRITE-SPRITES-OBJECTS-GG-PLAYER-LASER-V002,PROJECT_DIRECTED_AI_ASSISTED_OUTPUT,Founder-supplied Galactic Gunners asset/IP baseline estate.,GalacticGunners.zip,GalacticGunners/assets/images/objects/gg_player_laser_v002.png,D89ED695599F72F4980538E6AB89AEE2BFA85A6307A392C9FC08E2BDA38D1E13,Founder Michael Leese / Inceptivec supplied project estate,"Founder selection, direction, supply and admission for Galactic Gunners project baseline.",NONE DECLARED IN SUPPLIED BASELINE,Founder project authority; commercial-use clearance classified for active production assets by this baseline.,assets/OWNERSHIP_PROVENANCE_AND_IP_BASELINE.md,CLEARED,No byte transformation performed during canonical placement; path/filename normalization only where recorded.
GG-SPRITE-SPRITES-OBJECTS-GG-SHIELD-TILE-V002,PROJECT_DIRECTED_AI_ASSISTED_OUTPUT,Founder-supplied Galactic Gunners asset/IP baseline estate.,GalacticGunners.zip,GalacticGunners/assets/images/objects/gg_shield_tile_v002.png,ECE44E993871F2A474215BDAD8DEC6C5097861F487AF66D685FA1DA2A44402B3,Founder Michael Leese / Inceptivec supplied project estate,"Founder selection, direction, supply and admission for Galactic Gunners project baseline.",NONE DECLARED IN SUPPLIED BASELINE,Founder project authority; commercial-use clearance classified for active production assets by this baseline.,assets/OWNERSHIP_PROVENANCE_AND_IP_BASELINE.md,CLEARED,No byte transformation performed during canonical placement; path/filename normalization only where recorded.
GG-SPRITE-SPRITES-SHIPS-GG-BOSS-MOTHERSHIP-HIT-V002-SHEET,PROJECT_DIRECTED_AI_ASSISTED_OUTPUT,Founder-supplied Galactic Gunners asset/IP baseline estate.,GalacticGunners.zip,GalacticGunners/assets/images/ships/gg_boss_mothership_HIT_v002_sheet.png,E829B094078363F051F41929F48E92C3288B98E2CD43425E8A0309B52B989088,Founder Michael Leese / Inceptivec supplied project estate,"Founder selection, direction, supply and admission for Galactic Gunners project baseline.",NONE DECLARED IN SUPPLIED BASELINE,Founder project authority; commercial-use clearance classified for active production assets by this baseline.,assets/OWNERSHIP_PROVENANCE_AND_IP_BASELINE.md,CLEARED,No byte transformation performed during canonical placement; path/filename normalization only where recorded.
GG-SPRITE-SPRITES-SHIPS-GG-BOSS-MOTHERSHIP-NORMAL-V002-SHEET,PROJECT_DIRECTED_AI_ASSISTED_OUTPUT,Founder-supplied Galactic Gunners asset/IP baseline estate.,GalacticGunners.zip,GalacticGunners/assets/images/ships/gg_boss_mothership_normal_v002_sheet.png,5B49D62BE022A2633388BF0F8465CCEDA9A215D678AFBFC5A26E82931DF2974A,Founder Michael Leese / Inceptivec supplied project estate,"Founder selection, direction, supply and admission for Galactic Gunners project baseline.",NONE DECLARED IN SUPPLIED BASELINE,Founder project authority; commercial-use clearance classified for active production assets by this baseline.,assets/OWNERSHIP_PROVENANCE_AND_IP_BASELINE.md,CLEARED,No byte transformation performed during canonical placement; path/filename normalization only where recorded.
GG-SPRITE-SPRITES-SHIPS-GG-ENEMY-CRUISER-V002-SHEET,PROJECT_DIRECTED_AI_ASSISTED_OUTPUT,Founder-supplied Galactic Gunners asset/IP baseline estate.,GalacticGunners.zip,GalacticGunners/assets/images/ships/gg_enemy_cruiser_v002_sheet.png,05DA611A926239711E2310EDCDC1D3C4AF06497D5B96E70761D5102B9D402AE3,Founder Michael Leese / Inceptivec supplied project estate,"Founder selection, direction, supply and admission for Galactic Gunners project baseline.",NONE DECLARED IN SUPPLIED BASELINE,Founder project authority; commercial-use clearance classified for active production assets by this baseline.,assets/OWNERSHIP_PROVENANCE_AND_IP_BASELINE.md,CLEARED,No byte transformation performed during canonical placement; path/filename normalization only where recorded.
GG-SPRITE-SPRITES-SHIPS-GG-ENEMY-DESTROYER-V002-SHEET,PROJECT_DIRECTED_AI_ASSISTED_OUTPUT,Founder-supplied Galactic Gunners asset/IP baseline estate.,GalacticGunners.zip,GalacticGunners/assets/images/ships/gg_enemy_destroyer_v002_sheet.png,7E0BA8F3763EE030E6BB23B6D7999E28E8F23A86A73564A1580FBD74D538D88C,Founder Michael Leese / Inceptivec supplied project estate,"Founder selection, direction, supply and admission for Galactic Gunners project baseline.",NONE DECLARED IN SUPPLIED BASELINE,Founder project authority; commercial-use clearance classified for active production assets by this baseline.,assets/OWNERSHIP_PROVENANCE_AND_IP_BASELINE.md,CLEARED,No byte transformation performed during canonical placement; path/filename normalization only where recorded.
GG-SPRITE-SPRITES-SHIPS-GG-ENEMY-SCOUT-V002-SHEET,PROJECT_DIRECTED_AI_ASSISTED_OUTPUT,Founder-supplied Galactic Gunners asset/IP baseline estate.,GalacticGunners.zip,GalacticGunners/assets/images/ships/gg_enemy_scout_v002_sheet.png,FBB60A9EB52346CB57CDF22FA1B6088DD24B08F9132540B05DFD0F1612405A7F,Founder Michael Leese / Inceptivec supplied project estate,"Founder selection, direction, supply and admission for Galactic Gunners project baseline.",NONE DECLARED IN SUPPLIED BASELINE,Founder project authority; commercial-use clearance classified for active production assets by this baseline.,assets/OWNERSHIP_PROVENANCE_AND_IP_BASELINE.md,CLEARED,No byte transformation performed during canonical placement; path/filename normalization only where recorded.
GG-SPRITE-SPRITES-SHIPS-GG-EXPLOSION-LARGE-V002-SHEET,PROJECT_DIRECTED_AI_ASSISTED_OUTPUT,Founder-supplied Galactic Gunners asset/IP baseline estate.,GalacticGunners.zip,GalacticGunners/assets/images/ships/gg_explosion_large_v002_sheet.png,5EA12388DB8D9D2FC73A157FCBE773630D83703FAA9BAC2F3D3339E8C7F7D4A2,Founder Michael Leese / Inceptivec supplied project estate,"Founder selection, direction, supply and admission for Galactic Gunners project baseline.",NONE DECLARED IN SUPPLIED BASELINE,Founder project authority; commercial-use clearance classified for active production assets by this baseline.,assets/OWNERSHIP_PROVENANCE_AND_IP_BASELINE.md,CLEARED,No byte transformation performed during canonical placement; path/filename normalization only where recorded.
GG-SPRITE-SPRITES-SHIPS-GG-EXPLOSION-LARGE-V002-SHEET-HORIZONTAL,PROJECT_DIRECTED_AI_ASSISTED_OUTPUT,Founder-supplied Galactic Gunners asset/IP baseline estate.,GalacticGunners.zip,GalacticGunners/assets/images/ships/gg_explosion_large_v002_sheet_horizontal.png,BDB9528F6E2B601F61C265A3E224D815F49FF0C96730D2961F794C8ADDACCC5C,Founder Michael Leese / Inceptivec supplied project estate,"Founder selection, direction, supply and admission for Galactic Gunners project baseline.",NONE DECLARED IN SUPPLIED BASELINE,Founder project authority; commercial-use clearance classified for active production assets by this baseline.,assets/OWNERSHIP_PROVENANCE_AND_IP_BASELINE.md,CLEARED,No byte transformation performed during canonical placement; path/filename normalization only where recorded.
GG-SPRITE-SPRITES-SHIPS-GG-PLAYER-SHIP-V002-SHEET,PROJECT_DIRECTED_AI_ASSISTED_OUTPUT,Founder-supplied Galactic Gunners asset/IP baseline estate.,GalacticGunners.zip,GalacticGunners/assets/images/ships/gg_player_ship_v002_sheet.png,A3E2EDBDEE85B312AD1766EE00C5A5438F60ABF9DFCD006B2BD8474012DDFF38,Founder Michael Leese / Inceptivec supplied project estate,"Founder selection, direction, supply and admission for Galactic Gunners project baseline.",NONE DECLARED IN SUPPLIED BASELINE,Founder project authority; commercial-use clearance classified for active production assets by this baseline.,assets/OWNERSHIP_PROVENANCE_AND_IP_BASELINE.md,CLEARED,No byte transformation performed during canonical placement; path/filename normalization only where recorded.
GG-UI-UI-BUTTONS-GG-BUTTON-MAIN-MENU-V002-OFF,PROJECT_DIRECTED_AI_ASSISTED_OUTPUT,Founder-supplied Galactic Gunners asset/IP baseline estate.,GalacticGunners.zip,GalacticGunners/assets/images/buttons/gg_button_main_menu_v002_off.png,A0A4191E8648FAD316BF7D0FB8A3A5A9460C77693A1DBC240A0B42ED6F969459,Founder Michael Leese / Inceptivec supplied project estate,"Founder selection, direction, supply and admission for Galactic Gunners project baseline.",NONE DECLARED IN SUPPLIED BASELINE,Founder project authority; commercial-use clearance classified for active production assets by this baseline.,assets/OWNERSHIP_PROVENANCE_AND_IP_BASELINE.md,CLEARED,No byte transformation performed during canonical placement; path/filename normalization only where recorded.
GG-UI-UI-BUTTONS-GG-BUTTON-MAIN-MENU-V002-ONCLICK,PROJECT_DIRECTED_AI_ASSISTED_OUTPUT,Founder-supplied Galactic Gunners asset/IP baseline estate.,GalacticGunners.zip,GalacticGunners/assets/images/buttons/gg_button_main_menu_v002_onclick.png,89B557B7C42A18CA67F6828B74F1BCBBFA201167BF70CB6521C6BBCED5907A4B,Founder Michael Leese / Inceptivec supplied project estate,"Founder selection, direction, supply and admission for Galactic Gunners project baseline.",NONE DECLARED IN SUPPLIED BASELINE,Founder project authority; commercial-use clearance classified for active production assets by this baseline.,assets/OWNERSHIP_PROVENANCE_AND_IP_BASELINE.md,CLEARED,No byte transformation performed during canonical placement; path/filename normalization only where recorded.
GG-UI-UI-BUTTONS-GG-BUTTON-REPLAY-V002-OFF,PROJECT_DIRECTED_AI_ASSISTED_OUTPUT,Founder-supplied Galactic Gunners asset/IP baseline estate.,GalacticGunners.zip,GalacticGunners/assets/images/buttons/gg_button_replay_v002_off.png,D8FA75ADFCB9FC96CD347DC3E83FE63CD2444C49EADE703D23308FA17D12D54B,Founder Michael Leese / Inceptivec supplied project estate,"Founder selection, direction, supply and admission for Galactic Gunners project baseline.",NONE DECLARED IN SUPPLIED BASELINE,Founder project authority; commercial-use clearance classified for active production assets by this baseline.,assets/OWNERSHIP_PROVENANCE_AND_IP_BASELINE.md,CLEARED,No byte transformation performed during canonical placement; path/filename normalization only where recorded.
GG-UI-UI-BUTTONS-GG-BUTTON-REPLAY-V002-ONCLICK,PROJECT_DIRECTED_AI_ASSISTED_OUTPUT,Founder-supplied Galactic Gunners asset/IP baseline estate.,GalacticGunners.zip,GalacticGunners/assets/images/buttons/gg_button_replay_v002_onclick.png,3F6FE051DC570C0256701C87DDFDF08D80C5B8A07A3081990095A557DA47FA89,Founder Michael Leese / Inceptivec supplied project estate,"Founder selection, direction, supply and admission for Galactic Gunners project baseline.",NONE DECLARED IN SUPPLIED BASELINE,Founder project authority; commercial-use clearance classified for active production assets by this baseline.,assets/OWNERSHIP_PROVENANCE_AND_IP_BASELINE.md,CLEARED,No byte transformation performed during canonical placement; path/filename normalization only where recorded.
GG-UI-UI-BUTTONS-GG-BUTTON-TRY-AGAIN-V002-OFF,PROJECT_DIRECTED_AI_ASSISTED_OUTPUT,Founder-supplied Galactic Gunners asset/IP baseline estate.,GalacticGunners.zip,GalacticGunners/assets/images/buttons/gg_button_try_again_v002_off.png,7621274A675DEE712BBCAD833C6CBAC46869A09DF0B97654F21AF9CF8C4C75E6,Founder Michael Leese / Inceptivec supplied project estate,"Founder selection, direction, supply and admission for Galactic Gunners project baseline.",NONE DECLARED IN SUPPLIED BASELINE,Founder project authority; commercial-use clearance classified for active production assets by this baseline.,assets/OWNERSHIP_PROVENANCE_AND_IP_BASELINE.md,CLEARED,No byte transformation performed during canonical placement; path/filename normalization only where recorded.
GG-UI-UI-BUTTONS-GG-BUTTON-TRY-AGAIN-V002-ONCLICK,PROJECT_DIRECTED_AI_ASSISTED_OUTPUT,Founder-supplied Galactic Gunners asset/IP baseline estate.,GalacticGunners.zip,GalacticGunners/assets/images/buttons/gg_button_try_again_v002_onclick.png,075772B2DA331FDECEF9B4F4636082EBC67220E0B2D81C8C3394EB559DA67E6E,Founder Michael Leese / Inceptivec supplied project estate,"Founder selection, direction, supply and admission for Galactic Gunners project baseline.",NONE DECLARED IN SUPPLIED BASELINE,Founder project authority; commercial-use clearance classified for active production assets by this baseline.,assets/OWNERSHIP_PROVENANCE_AND_IP_BASELINE.md,CLEARED,No byte transformation performed during canonical placement; path/filename normalization only where recorded.
GG-UI-UI-ICONS-GG-HUD-LIFE-ICON-V002,PROJECT_DIRECTED_AI_ASSISTED_OUTPUT,Founder-supplied Galactic Gunners asset/IP baseline estate.,GalacticGunners.zip,GalacticGunners/assets/images/icons/gg_hud_life_icon_v002.png,9E0F8607F264ACB9614958D7043C5F69F4A4EBB303D57049203FD481D1EB0408,Founder Michael Leese / Inceptivec supplied project estate,"Founder selection, direction, supply and admission for Galactic Gunners project baseline.",NONE DECLARED IN SUPPLIED BASELINE,Founder project authority; commercial-use clearance classified for active production assets by this baseline.,assets/OWNERSHIP_PROVENANCE_AND_IP_BASELINE.md,CLEARED,No byte transformation performed during canonical placement; path/filename normalization only where recorded.
GG-UI-UI-ICONS-GG-HUD-NUKE-ICON-V002,PROJECT_DIRECTED_AI_ASSISTED_OUTPUT,Founder-supplied Galactic Gunners asset/IP baseline estate.,GalacticGunners.zip,GalacticGunners/assets/images/icons/gg_hud_nuke_icon_v002.png,3D0A6A32EEEC514D7E4BE36B474B5E059347F3C74C5032093D58BA8C3633E08C,Founder Michael Leese / Inceptivec supplied project estate,"Founder selection, direction, supply and admission for Galactic Gunners project baseline.",NONE DECLARED IN SUPPLIED BASELINE,Founder project authority; commercial-use clearance classified for active production assets by this baseline.,assets/OWNERSHIP_PROVENANCE_AND_IP_BASELINE.md,CLEARED,No byte transformation performed during canonical placement; path/filename normalization only where recorded.
GG-UI-UI-ICONS-GG-TOUCH-SELECTOR-V002-SHEET,PROJECT_DIRECTED_AI_ASSISTED_OUTPUT,Founder-supplied Galactic Gunners asset/IP baseline estate.,GalacticGunners.zip,GalacticGunners/assets/images/icons/gg_touch_selector_v002_sheet.png,B67E3DE6947E2550E8FB4C84FD272656F8F4860AEB0680BE2940D4678207930E,Founder Michael Leese / Inceptivec supplied project estate,"Founder selection, direction, supply and admission for Galactic Gunners project baseline.",NONE DECLARED IN SUPPLIED BASELINE,Founder project authority; commercial-use clearance classified for active production assets by this baseline.,assets/OWNERSHIP_PROVENANCE_AND_IP_BASELINE.md,CLEARED,No byte transformation performed during canonical placement; path/filename normalization only where recorded.
GG-UI-UI-ICONS-GG-UI-ARROW-V002,PROJECT_DIRECTED_AI_ASSISTED_OUTPUT,Founder-supplied Galactic Gunners asset/IP baseline estate.,GalacticGunners.zip,GalacticGunners/assets/images/icons/gg_ui_arrow_v002.png,9E92FA5D6D6914179E69B819A8F7F96200C07AAB61F583AF33092F3D6320BB85,Founder Michael Leese / Inceptivec supplied project estate,"Founder selection, direction, supply and admission for Galactic Gunners project baseline.",NONE DECLARED IN SUPPLIED BASELINE,Founder project authority; commercial-use clearance classified for active production assets by this baseline.,assets/OWNERSHIP_PROVENANCE_AND_IP_BASELINE.md,CLEARED,No byte transformation performed during canonical placement; path/filename normalization only where recorded.
GG-UI-UI-ICONS-GG-UI-BACK-V002,PROJECT_DIRECTED_AI_ASSISTED_OUTPUT,Founder-supplied Galactic Gunners asset/IP baseline estate.,GalacticGunners.zip,GalacticGunners/assets/images/icons/gg_ui_back_v002.png,702828A35A9A0C2EC7B2D472385FF648EF23D1E362491143E5C1ACCDFCA51154,Founder Michael Leese / Inceptivec supplied project estate,"Founder selection, direction, supply and admission for Galactic Gunners project baseline.",NONE DECLARED IN SUPPLIED BASELINE,Founder project authority; commercial-use clearance classified for active production assets by this baseline.,assets/OWNERSHIP_PROVENANCE_AND_IP_BASELINE.md,CLEARED,No byte transformation performed during canonical placement; path/filename normalization only where recorded.
GG-UI-UI-ICONS-GG-UI-INFO-V002,PROJECT_DIRECTED_AI_ASSISTED_OUTPUT,Founder-supplied Galactic Gunners asset/IP baseline estate.,GalacticGunners.zip,GalacticGunners/assets/images/icons/gg_ui_info_v002.png,8E9E1793DC1D55DD47434F66B39D17DD6C378F419C79F4174EF5F08902C24CC2,Founder Michael Leese / Inceptivec supplied project estate,"Founder selection, direction, supply and admission for Galactic Gunners project baseline.",NONE DECLARED IN SUPPLIED BASELINE,Founder project authority; commercial-use clearance classified for active production assets by this baseline.,assets/OWNERSHIP_PROVENANCE_AND_IP_BASELINE.md,CLEARED,No byte transformation performed during canonical placement; path/filename normalization only where recorded.
GG-UI-UI-ICONS-GG-UI-PAUSE-V002,PROJECT_DIRECTED_AI_ASSISTED_OUTPUT,Founder-supplied Galactic Gunners asset/IP baseline estate.,GalacticGunners.zip,GalacticGunners/assets/images/icons/gg_ui_pause_v002.png,E2ECCAAB8AF581266AA849322B067304C1BBC0A419D795A34A906090492EA9EA,Founder Michael Leese / Inceptivec supplied project estate,"Founder selection, direction, supply and admission for Galactic Gunners project baseline.",NONE DECLARED IN SUPPLIED BASELINE,Founder project authority; commercial-use clearance classified for active production assets by this baseline.,assets/OWNERSHIP_PROVENANCE_AND_IP_BASELINE.md,CLEARED,No byte transformation performed during canonical placement; path/filename normalization only where recorded.
GG-UI-UI-ICONS-GG-UI-POINTER-V002-SHEET,PROJECT_DIRECTED_AI_ASSISTED_OUTPUT,Founder-supplied Galactic Gunners asset/IP baseline estate.,GalacticGunners.zip,GalacticGunners/assets/images/icons/gg_ui_pointer_v002_sheet.png,CD051316F9A17CA6F4B57C6119724D27CD2BB3AFEFFA33DD78E5E944FDF642E7,Founder Michael Leese / Inceptivec supplied project estate,"Founder selection, direction, supply and admission for Galactic Gunners project baseline.",NONE DECLARED IN SUPPLIED BASELINE,Founder project authority; commercial-use clearance classified for active production assets by this baseline.,assets/OWNERSHIP_PROVENANCE_AND_IP_BASELINE.md,CLEARED,No byte transformation performed during canonical placement; path/filename normalization only where recorded.
GG-UI-UI-ICONS-GG-UI-RESTART-V002,PROJECT_DIRECTED_AI_ASSISTED_OUTPUT,Founder-supplied Galactic Gunners asset/IP baseline estate.,GalacticGunners.zip,GalacticGunners/assets/images/icons/gg_ui_restart_v002.png,C45D9E11AF93A9493842235E32F75929851902DC7998F2518D29294EE1B7D349,Founder Michael Leese / Inceptivec supplied project estate,"Founder selection, direction, supply and admission for Galactic Gunners project baseline.",NONE DECLARED IN SUPPLIED BASELINE,Founder project authority; commercial-use clearance classified for active production assets by this baseline.,assets/OWNERSHIP_PROVENANCE_AND_IP_BASELINE.md,CLEARED,No byte transformation performed during canonical placement; path/filename normalization only where recorded.
GG-UI-UI-ICONS-GG-UI-RESUME-V002,PROJECT_DIRECTED_AI_ASSISTED_OUTPUT,Founder-supplied Galactic Gunners asset/IP baseline estate.,GalacticGunners.zip,GalacticGunners/assets/images/icons/gg_ui_resume_v002.png,3C4010960942C2AE4CB2F29678CE71A5D35181756FF2DF94876E24BA2D7D6273,Founder Michael Leese / Inceptivec supplied project estate,"Founder selection, direction, supply and admission for Galactic Gunners project baseline.",NONE DECLARED IN SUPPLIED BASELINE,Founder project authority; commercial-use clearance classified for active production assets by this baseline.,assets/OWNERSHIP_PROVENANCE_AND_IP_BASELINE.md,CLEARED,No byte transformation performed during canonical placement; path/filename normalization only where recorded.
GG-UI-UI-ICONS-GG-UI-SOUND-OFF-V002,PROJECT_DIRECTED_AI_ASSISTED_OUTPUT,Founder-supplied Galactic Gunners asset/IP baseline estate.,GalacticGunners.zip,GalacticGunners/assets/images/icons/gg_ui_sound_off_v002.png,9CC310E201C728B5ACC8F4B05E4E8FE3D1A1440F1EF9160190DBAF6CEC678E43,Founder Michael Leese / Inceptivec supplied project estate,"Founder selection, direction, supply and admission for Galactic Gunners project baseline.",NONE DECLARED IN SUPPLIED BASELINE,Founder project authority; commercial-use clearance classified for active production assets by this baseline.,assets/OWNERSHIP_PROVENANCE_AND_IP_BASELINE.md,CLEARED,No byte transformation performed during canonical placement; path/filename normalization only where recorded.
GG-UI-UI-ICONS-GG-UI-SOUND-ON-V002,PROJECT_DIRECTED_AI_ASSISTED_OUTPUT,Founder-supplied Galactic Gunners asset/IP baseline estate.,GalacticGunners.zip,GalacticGunners/assets/images/icons/gg_ui_sound_on_v002.png,AD65B1C61E0ECA378C3A29DFCB3F7D9FB7AC1D0120104E6C17448D35B1C47D5D,Founder Michael Leese / Inceptivec supplied project estate,"Founder selection, direction, supply and admission for Galactic Gunners project baseline.",NONE DECLARED IN SUPPLIED BASELINE,Founder project authority; commercial-use clearance classified for active production assets by this baseline.,assets/OWNERSHIP_PROVENANCE_AND_IP_BASELINE.md,CLEARED,No byte transformation performed during canonical placement; path/filename normalization only where recorded.
GG-UI-UI-PANELS-GG-GAME-OVER-PANEL-V002,PROJECT_DIRECTED_AI_ASSISTED_OUTPUT,Founder-supplied Galactic Gunners asset/IP baseline estate.,GalacticGunners.zip,GalacticGunners/assets/images/panels/gg_game_over_panel_v002.png,270826BE7EB07F9D8D6DFD9CE13BC69F7ACB192DCF28133DC69EC0FB60DB888A,Founder Michael Leese / Inceptivec supplied project estate,"Founder selection, direction, supply and admission for Galactic Gunners project baseline.",NONE DECLARED IN SUPPLIED BASELINE,Founder project authority; commercial-use clearance classified for active production assets by this baseline.,assets/OWNERSHIP_PROVENANCE_AND_IP_BASELINE.md,CLEARED,No byte transformation performed during canonical placement; path/filename normalization only where recorded.
GG-UI-UI-PANELS-GG-VICTORY-PANEL-V002,PROJECT_DIRECTED_AI_ASSISTED_OUTPUT,Founder-supplied Galactic Gunners asset/IP baseline estate.,GalacticGunners.zip,GalacticGunners/assets/images/panels/gg_victory_panel_v002.png,48C8DE4EEA08984A8E7F78E56891A6FE5DD0FEAD51E999833D638485D88F926C,Founder Michael Leese / Inceptivec supplied project estate,"Founder selection, direction, supply and admission for Galactic Gunners project baseline.",NONE DECLARED IN SUPPLIED BASELINE,Founder project authority; commercial-use clearance classified for active production assets by this baseline.,assets/OWNERSHIP_PROVENANCE_AND_IP_BASELINE.md,CLEARED,No byte transformation performed during canonical placement; path/filename normalization only where recorded.
GG-UI-UI-PANELS-GG-VICTORY-PANEL-V002-NO-VALUES,PROJECT_DIRECTED_AI_ASSISTED_OUTPUT,Founder-supplied Galactic Gunners asset/IP baseline estate.,GalacticGunners.zip,GalacticGunners/assets/images/panels/gg_victory_panel_v002_no_values.png,026305F7C0BC39F161A878E2B52F48953686FCCE67EB65043A001D5A2BA38214,Founder Michael Leese / Inceptivec supplied project estate,"Founder selection, direction, supply and admission for Galactic Gunners project baseline.",NONE DECLARED IN SUPPLIED BASELINE,Founder project authority; commercial-use clearance classified for active production assets by this baseline.,assets/OWNERSHIP_PROVENANCE_AND_IP_BASELINE.md,CLEARED,No byte transformation performed during canonical placement; path/filename normalization only where recorded.
